active_windows,assigned_players,assignment_moves_per_player,candidates_per_player,co_location_conflict_ratio,cold_start_event_share,cold_start_events,cold_start_wait_ms,completed,completed_function_events,completed_request_events,completion_ratio,config_path,cost,cross_node_placement_ratio,data_wait_ms,execution_ms,incomplete_active_share,inner_limit_active_share,inner_rounds_per_active_window,inner_stable_active_share,latency_mean_ms,latency_p95_ms,latency_p99_ms,load,mean_assigned_node_count,mean_empirical_gap,mean_pressure,mean_price_spread,mean_queue_pressure_ratio_max,method,no_player_windows,node_cpu_utilization_mean,node_memory_utilization_mean,operational_refinement,oscillation_active_share,outer_feedback_active_share,outer_limit_active_share,outer_rounds_per_active_window,paper_welfare_per_player,placement_dispersion,qc_run_complete,qpr,queue_area_per_arrival,queue_peak,reference_below_current_active_share,run_id,schedule_wait_ms,seed,selected_starting_share,source_bank,throughput,topology,waiting_share,warm_available_share,warm_bypass_share,welfare_baseline_reward_per_player,welfare_contribution_per_player,welfare_cost_per_player,welfare_externality_per_player,welfare_quality_per_player
920,2031,,,,0.1841574167507568,730,16.504288597376387,1878,3964,1878,0.9915522703273495,C:\Users\99349\Desktop\serverless_sim_game_revision\runs\tscv1_g1_formal_q61_q80_98f822c_20260903\online\homogeneous-low\canonical\TSCv1.E1.homogeneous.n20.low.greedy.FQ61.fdb5a7e1\run_config.json,0.2885243636223709,,0.41750756811301715,9.865792129162463,0.0,,,,52.346645367412144,253.0,279.0,low,,,,,,greedy,,0.3280226678038469,0.5314766591819007,baseline,,,,,32.15061121724146,,True,0.1243438302056527,11.268743400211193,58,,TSCv1.E1.homogeneous.n20.low.greedy.FQ61.fdb5a7e1,0.5590312815338042,Q61,,G1_Q61_Q80,1.878,homogeneous,,,,31.855224877962744,1.076826926326294,1.0608903862524948,0.012949181114406436,0.2923996861948866
909,3038,,,,0.34555659494855007,1847,24.651824134705333,1690,5345,1690,0.9013333333333333,C:\Users\99349\Desktop\serverless_sim_game_revision\runs\tscv1_g1_formal_q61_q80_98f822c_20260903\online\homogeneous-low\canonical\TSCv1.E1.homogeneous.n20.low.greedy.FQ62.5a029891\run_config.json,0.3065620377218935,,0.3408793264733396,31.000561272217027,0.0,,,,151.05266272189348,498.0,666.0,low,,,,,,greedy,,0.316982073964733,0.5080686328051696,baseline,,,,,37.24609413737133,,True,0.03649555269971686,12.3312,56,,TSCv1.E1.homogeneous.n20.low.greedy.FQ62.5a029891,0.5324602432179607,Q62,,G1_Q61_Q80,1.69,homogeneous,,,,37.47277804343931,0.8877729771056698,1.4807265680074848,0.03117900568479335,0.39744923838154905
939,2170,,,,0.38873178159669347,1787,21.370894061344355,1690,4597,1690,0.877466251298027,C:\Users\99349\Desktop\serverless_sim_game_revision\runs\tscv1_g1_formal_q61_q80_98f822c_20260903\online\homogeneous-low\canonical\TSCv1.E1.homogeneous.n20.low.greedy.FQ63.f3b557de\run_config.json,0.3161415596685466,,0.3950402436371547,40.047204698716556,0.0,,,,165.78224852071006,680.0,821.0,low,,,,,,greedy,,0.27084736268344894,0.5256136589948114,baseline,,,,,30.508284310371646,,True,0.032245349414300566,9.474039460020768,50,,TSCv1.E1.homogeneous.n20.low.greedy.FQ63.f3b557de,0.4161409614966282,Q63,,G1_Q61_Q80,1.69,homogeneous,,,,30.805443766369798,0.8259126261305837,1.3445358340366644,0.05268700797848987,0.2741505940732319
930,2571,,,,0.4562146892655367,969,29.404896421845574,1049,2124,1049,0.5404430705821741,C:\Users\99349\Desktop\serverless_sim_game_revision\runs\tscv1_g1_formal_q61_q80_98f822c_20260903\online\homogeneous-low\canonical\TSCv1.E1.homogeneous.n20.low.greedy.FQ64.fbcf15e7\run_config.json,0.4693716101923707,,0.18785310734463276,57.818738229755176,0.0,,,,171.0610104861773,447.0,911.0,low,,,,,,greedy,,0.1527871374031162,0.4872922231784286,baseline,,,,,32.624154223305204,,True,0.013064946545125536,9.507470376094796,47,,TSCv1.E1.homogeneous.n20.low.greedy.FQ64.fbcf15e7,0.629472693032015,Q64,,G1_Q61_Q80,1.049,homogeneous,,,,33.51125235169929,0.7878114379810561,1.833619418287036,0.09916785394157801,0.25787776328973944
950,4711,,,,0.3290555155010815,2282,18.92141312184571,1968,6935,1968,0.9884480160723255,C:\Users\99349\Desktop\serverless_sim_game_revision\runs\tscv1_g1_formal_q61_q80_98f822c_20260903\online\homogeneous-low\canonical\TSCv1.E1.homogeneous.n20.low.greedy.FQ65.a582f4ad\run_config.json,0.3129153367949695,,0.26344628695025235,27.26733958183129,0.0,,,,99.21951219512195,504.0,639.0,low,,,,,,greedy,,0.3165829139192471,0.6056817628818527,baseline,,,,,38.966981200345934,,True,0.06338713999366326,24.61928679055751,120,,TSCv1.E1.homogeneous.n20.low.greedy.FQ65.a582f4ad,0.6767123287671233,Q65,,G1_Q61_Q80,1.968,homogeneous,,,,38.928345939152,0.9071915802559486,1.1830781789069924,0.13029966481082178,0.4448214767750244
909,2001,,,,0.17262549656915854,956,3.4113398338750454,1772,5538,1772,0.9162357807652534,C:\Users\99349\Desktop\serverless_sim_game_revision\runs\tscv1_g1_formal_q61_q80_98f822c_20260903\online\homogeneous-low\canonical\TSCv1.E1.homogeneous.n20.low.greedy.FQ66.43aebae8\run_config.json,0.40445283842409707,,0.5482123510292525,9.861863488624053,0.0,,,,38.57844243792325,236.0,382.0,low,,,,,,greedy,,0.4852679393681247,0.7013811396471276,baseline,,,,,29.078806338102922,,True,0.1135667350711465,17.526370217166495,74,,TSCv1.E1.homogeneous.n20.low.greedy.FQ66.43aebae8,0.3224990971469845,Q66,,G1_Q61_Q80,1.772,homogeneous,,,,30.08777254381995,0.6386445882766955,1.7868967002359168,0.062409661872231445,0.20169537036359936
943,2676,,,,0.28758722774370904,1360,16.80270670331994,1887,4729,1887,0.9910714285714286,C:\Users\99349\Desktop\serverless_sim_game_revision\runs\tscv1_g1_formal_q61_q80_98f822c_20260903\online\homogeneous-low\canonical\TSCv1.E1.homogeneous.n20.low.greedy.FQ67.4e4317ca\run_config.json,0.3224039648851517,,0.31867202368365405,25.840135335165996,0.0,,,,99.04451510333864,338.0,579.0,low,,,,,,greedy,,0.40011803795010625,0.5957712459805472,baseline,,,,,35.98466007164241,,True,0.05909368814792334,35.30882352941177,154,,TSCv1.E1.homogeneous.n20.low.greedy.FQ67.4e4317ca,0.5665045464157327,Q67,,G1_Q61_Q80,1.887,homogeneous,,,,36.046230943391855,0.9719775328036782,1.3392152510728181,0.021695962321898594,0.3273624475315904
926,2850,,,,0.2637535366237032,839,17.677459918264695,1443,3181,1443,0.7415210688591983,C:\Users\99349\Desktop\serverless_sim_game_revision\runs\tscv1_g1_formal_q61_q80_98f822c_20260903\online\homogeneous-low\canonical\TSCv1.E1.homogeneous.n20.low.greedy.FQ68.17e834cf\run_config.json,0.4075622770080778,,0.27884313109085196,27.59446714869538,0.0,,,,89.25502425502425,570.0,753.0,low,,,,,,greedy,,0.30011583824916654,0.578502296876747,baseline,,,,,33.421332913448936,,True,0.039667942845004356,11.51027749229188,56,,TSCv1.E1.homogeneous.n20.low.greedy.FQ68.17e834cf,0.5466834328827412,Q68,,G1_Q61_Q80,1.443,homogeneous,,,,34.31131374426055,0.6903763005124373,1.798809775218629,0.0588681521750333,0.2773209657533127
917,2213,,,,0.4611821790913101,2091,27.49205999117777,1421,4534,1421,0.7432008368200836,C:\Users\99349\Desktop\serverless_sim_game_revision\runs\tscv1_g1_formal_q61_q80_98f822c_20260903\online\homogeneous-low\canonical\TSCv1.E1.homogeneous.n20.low.greedy.FQ69.0a4461c0\run_config.json,0.3950802227881993,,0.36501985002205556,44.64490516100573,0.0,,,,231.4109781843772,758.0,786.0,low,,,,,,greedy,,0.34088379063449287,0.5506137472482154,baseline,,,,,34.19581208571664,,True,0.015542641497715979,18.22907949790795,74,,TSCv1.E1.homogeneous.n20.low.greedy.FQ69.0a4461c0,0.3725187472430525,Q69,,G1_Q61_Q80,1.421,homogeneous,,,,34.717842680374744,0.797198624516363,1.577784759476882,0.039810758408948516,0.29836604292043667
930,6184,,,,0.2686084142394822,332,16.928802588996763,914,1236,914,0.4752990119604784,C:\Users\99349\Desktop\serverless_sim_game_revision\runs\tscv1_g1_formal_q61_q80_98f822c_20260903\online\homogeneous-low\canonical\TSCv1.E1.homogeneous.n20.low.greedy.FQ70.49faca1c\run_config.json,0.8473809907942423,,0.13106796116504854,18.718446601941746,0.0,,,,39.17505470459518,259.0,318.0,low,,,,,,greedy,,0.2716910228494304,0.7654828152755477,baseline,,,,,41.030472868781196,,True,0.027533274642454423,87.52210088403537,332,,TSCv1.E1.homogeneous.n20.low.greedy.FQ70.49faca1c,0.8398058252427184,Q70,,G1_Q61_Q80,0.914,homogeneous,,,,42.36973935527604,0.7260883176822172,1.8529738172946586,0.587117893840602,0.37473634167551456
924,5034,,,,0.13531648400805188,605,8.520688883918586,1360,4471,1360,0.7101827676240209,C:\Users\99349\Desktop\serverless_sim_game_revision\runs\tscv1_g1_formal_q61_q80_98f822c_20260903\online\homogeneous-low\canonical\TSCv1.E1.homogeneous.n20.low.greedy.FQ71.fabfc671\run_config.json,0.5194451724781709,,0.2985909192574368,5.896891075821964,0.0,,,,38.46176470588235,214.0,272.0,low,,,,,,greedy,,0.37349423329304904,0.694494881593035,baseline,,,,,40.931272305142656,,True,0.0680722314398051,21.945691906005223,94,,TSCv1.E1.homogeneous.n20.low.greedy.FQ71.fabfc671,0.6381122791321852,Q71,,G1_Q61_Q80,1.36,homogeneous,,,,41.80773445268827,0.7743754663338525,1.7844220167074025,0.24409673035582902,0.37768085704088494
907,2626,,,,0.3754416961130742,2125,18.707243816254415,1907,5660,1907,0.990134994807892,C:\Users\99349\Desktop\serverless_sim_game_revision\runs\tscv1_g1_formal_q61_q80_98f822c_20260903\online\homogeneous-low\canonical\TSCv1.E1.homogeneous.n20.low.greedy.FQ72.9be5fe9b\run_config.json,0.266735234933182,,0.4234982332155477,14.723144876325089,0.0,,,,76.1767173571054,361.0,437.0,low,,,,,,greedy,,0.26639923732375387,0.5001511947440096,baseline,,,,,28.17533279754511,,True,0.09385297650879222,15.188473520249222,81,,TSCv1.E1.homogeneous.n20.low.greedy.FQ72.9be5fe9b,0.4639575971731449,Q72,,G1_Q61_Q80,1.907,homogeneous,,,,27.83905037322847,0.9102993972446296,0.8717030550197891,0.04234955801578169,0.3400353766915368
907,3519,,,,0.27282051282051284,1064,20.13820512820513,1462,3900,1462,0.7626499739175796,C:\Users\99349\Desktop\serverless_sim_game_revision\runs\tscv1_g1_formal_q61_q80_98f822c_20260903\online\homogeneous-low\canonical\TSCv1.E1.homogeneous.n20.low.greedy.FQ73.20ae0e9b\run_config.json,0.3206328093271738,,0.1517948717948718,8.85,0.0,,,,49.14500683994528,239.0,446.0,low,,,,,,greedy,,0.24071692564167804,0.461064882382018,baseline,,,,,34.74667525609876,,True,0.09278120582926806,16.68961919666145,81,,TSCv1.E1.homogeneous.n20.low.greedy.FQ73.20ae0e9b,0.7897435897435897,Q73,,G1_Q61_Q80,1.462,homogeneous,,,,34.41007736658095,1.0226800239428722,1.0493079927469662,0.04656485342331978,0.40979040503654335
910,2953,,,,0.26439351593068755,946,19.015092230296254,1350,3578,1350,0.7146638433033351,C:\Users\99349\Desktop\serverless_sim_game_revision\runs\tscv1_g1_formal_q61_q80_98f822c_20260903\online\homogeneous-low\canonical\TSCv1.E1.homogeneous.n20.low.greedy.FQ74.2b589b7e\run_config.json,0.38937843605324074,,0.3555058692006708,15.093627724986026,0.0,,,,68.83333333333333,299.0,846.0,low,,,,,,greedy,,0.2994429037841654,0.5161559821983641,baseline,,,,,35.839111859702356,,True,0.05036897008942169,18.023292747485442,73,,TSCv1.E1.homogeneous.n20.low.greedy.FQ74.2b589b7e,0.5349357182783678,Q74,,G1_Q61_Q80,1.35,homogeneous,,,,36.44108798307683,0.8612457968413204,1.7017322361287608,0.08447012466987512,0.32298070668689766
911,8572,,,,0.20509708737864077,169,14.547330097087379,774,824,774,0.40166061235080436,C:\Users\99349\Desktop\serverless_sim_game_revision\runs\tscv1_g1_formal_q61_q80_98f822c_20260903\online\homogeneous-low\canonical\TSCv1.E1.homogeneous.n20.low.greedy.FQ75.d58c5c7f\run_config.json,1.0537582515746124,,0.0,18.559466019417474,0.0,,,,35.888888888888886,207.0,219.0,low,,,,,,greedy,,0.48069615603588994,0.8003377095707046,baseline,,,,,41.08512058883307,,True,0.020466329383675742,42.461338868707834,175,,TSCv1.E1.homogeneous.n20.low.greedy.FQ75.d58c5c7f,1.0048543689320388,Q75,,G1_Q61_Q80,0.774,homogeneous,,,,44.56781923642962,0.48182661594150467,2.418597686189221,1.9157352083038002,0.3698066212289032
938,2678,,,,0.41986013986013987,1501,44.23608391608391,1935,3575,1935,0.9963954685890835,C:\Users\99349\Desktop\serverless_sim_game_revision\runs\tscv1_g1_formal_q61_q80_98f822c_20260903\online\homogeneous-low\canonical\TSCv1.E1.homogeneous.n20.low.greedy.FQ76.b46e90f1\run_config.json,0.20287150695958495,,0.20587412587412587,22.25958041958042,0.0,,,,114.94625322997416,347.0,377.0,low,,,,,,greedy,,0.19601098001054953,0.3862849385770409,baseline,,,,,33.075714035119645,,True,0.08297840726854053,4.192584963954686,22,,TSCv1.E1.homogeneous.n20.low.greedy.FQ76.b46e90f1,0.8855944055944056,Q76,,G1_Q61_Q80,1.935,homogeneous,,,,32.415230888497746,1.1025589688154545,0.7819302687011075,0.014802578906233049,0.3546573035057309
930,3027,,,,0.22816265060240964,1212,13.591114457831326,1817,5312,1817,0.9327515400410678,C:\Users\99349\Desktop\serverless_sim_game_revision\runs\tscv1_g1_formal_q61_q80_98f822c_20260903\online\homogeneous-low\canonical\TSCv1.E1.homogeneous.n20.low.greedy.FQ77.711b8d26\run_config.json,0.344974431744892,,0.3704819277108434,10.433734939759036,0.0,,,,66.30764997248211,303.0,467.0,low,,,,,,greedy,,0.2967214616209629,0.617264657143391,baseline,,,,,32.07556095381637,,True,0.07943362515646041,23.44917864476386,111,,TSCv1.E1.homogeneous.n20.low.greedy.FQ77.711b8d26,0.5276731927710844,Q77,,G1_Q61_Q80,1.817,homogeneous,,,,32.26802044084925,0.821658877527257,1.209141726634823,0.13712686829473225,0.33215020071231455
923,2034,,,,0.45778508771929827,1670,30.93530701754386,1887,3648,1887,0.9864087820177732,C:\Users\99349\Desktop\serverless_sim_game_revision\runs\tscv1_g1_formal_q61_q80_98f822c_20260903\online\homogeneous-low\canonical\TSCv1.E1.homogeneous.n20.low.greedy.FQ78.23a22116\run_config.json,0.26097651139478173,,0.2431469298245614,62.76946271929825,0.0,,,,178.54531001589825,557.0,754.0,low,,,,,,greedy,,0.33662539430034893,0.48186368053330886,baseline,,,,,31.985367057597742,,True,0.040496923533900435,4.173549398849974,24,,TSCv1.E1.homogeneous.n20.low.greedy.FQ78.23a22116,0.5561951754385965,Q78,,G1_Q61_Q80,1.887,homogeneous,,,,31.723052766587998,1.1072553907802205,1.0883022883765934,0.033550564895659656,0.2769122495001865
910,5061,,,,0.3159448818897638,1605,19.532086614173227,1200,5080,1200,0.6166495375128469,C:\Users\99349\Desktop\serverless_sim_game_revision\runs\tscv1_g1_formal_q61_q80_98f822c_20260903\online\homogeneous-low\canonical\TSCv1.E1.homogeneous.n20.low.greedy.FQ79.5313102e\run_config.json,0.5699962870279948,,0.31712598425196853,41.26496062992126,0.0,,,,164.29666666666665,589.0,687.0,low,,,,,,greedy,,0.46362110341504387,0.6693953076110891,baseline,,,,,39.57906029785464,,True,0.012813874525586341,28.33350462487153,122,,TSCv1.E1.homogeneous.n20.low.greedy.FQ79.5313102e,0.6234251968503937,Q79,,G1_Q61_Q80,1.2,homogeneous,,,,40.328183597925744,0.7804786230808625,1.8171718549796703,0.10785089142000785,0.3954205780638416
939,2188,,,,0.28019194881364967,1051,17.351372967208743,1892,3751,1892,0.9752577319587629,C:\Users\99349\Desktop\serverless_sim_game_revision\runs\tscv1_g1_formal_q61_q80_98f822c_20260903\online\homogeneous-low\canonical\TSCv1.E1.homogeneous.n20.low.greedy.FQ80.9a3dbef5\run_config.json,0.3185790628509844,,0.3351106371634231,26.0138629698747,0.0,,,,86.58509513742072,265.0,402.0,low,,,,,,greedy,,0.26696154748952966,0.5941225870345684,baseline,,,,,31.072031871056424,,True,0.06858999373680187,11.447422680412371,67,,TSCv1.E1.homogeneous.n20.low.greedy.FQ80.9a3dbef5,0.5662490002665955,Q80,,G1_Q61_Q80,1.892,homogeneous,,,,31.073035626350418,0.9602045027430167,1.1920244494756136,0.01823046509435288,0.2490469083067377
920,2029,,,,0.34893048128342247,522,30.446524064171122,830,1496,830,0.4382259767687434,C:\Users\99349\Desktop\serverless_sim_game_revision\runs\tscv1_g1_formal_q61_q80_98f822c_20260903\online\homogeneous-low\canonical\TSCv1.E1.homogeneous.n20.low.hash.FQ61.ffdff1e6\run_config.json,0.6396679246282003,,0.3088235294117647,120.76069518716578,0.0,,,,267.3963855421687,462.0,477.0,low,,,,,,hash,,0.19141546678050736,0.5247169752037757,baseline,,,,,29.637285625952227,,True,0.004852527282061517,11.908130939809926,63,,TSCv1.E1.homogeneous.n20.low.hash.FQ61.ffdff1e6,0.5902406417112299,Q61,,G1_Q61_Q80,0.83,homogeneous,,,,31.847035144337767,0.46881646007582173,2.81034459689969,0.048759768139102766,0.1805381970769258
909,3037,,,,0.5035349567949725,1282,34.35310290652003,1292,2546,1292,0.6890666666666667,C:\Users\99349\Desktop\serverless_sim_game_revision\runs\tscv1_g1_formal_q61_q80_98f822c_20260903\online\homogeneous-low\canonical\TSCv1.E1.homogeneous.n20.low.hash.FQ62.187bcbb2\run_config.json,0.36269638486690936,,0.24116260801256872,59.08248232521603,0.0,,,,157.36764705882354,506.0,923.0,low,,,,,,hash,,0.20834611698964223,0.461867013321126,baseline,,,,,35.96918765957669,,True,0.022636216315993468,12.3312,56,,TSCv1.E1.homogeneous.n20.low.hash.FQ62.187bcbb2,0.6461115475255302,Q62,,G1_Q61_Q80,1.292,homogeneous,,,,37.46581338839112,0.6032383272551297,2.2139481101767733,0.17369744749319643,0.28778179977083035
936,2162,,,,0.6379435191889935,881,34.68283852280956,601,1381,601,0.31204569055036346,C:\Users\99349\Desktop\serverless_sim_game_revision\runs\tscv1_g1_formal_q61_q80_98f822c_20260903\online\homogeneous-low\canonical\TSCv1.E1.homogeneous.n20.low.hash.FQ63.f0e13a86\run_config.json,0.7710180298460898,,0.3055756698044895,113.84503982621288,0.0,,,,333.74376039933446,925.0,965.0,low,,,,,,hash,,0.15296918588219477,0.4583351818518031,baseline,,,,,29.627309955346377,,True,0.0023355909464817977,9.474039460020768,50,,TSCv1.E1.homogeneous.n20.low.hash.FQ63.f0e13a86,0.48587979724837077,Q63,,G1_Q61_Q80,0.601,homogeneous,,,,30.76401322865023,0.6490565500808854,1.8847211314835668,0.13216967485452227,0.23113117065146277
939,2833,,,,0.4892891918208374,1005,31.277507302823757,787,2054,787,0.40546110252447193,C:\Users\99349\Desktop\serverless_sim_game_revision\runs\tscv1_g1_formal_q61_q80_98f822c_20260903\online\homogeneous-low\canonical\TSCv1.E1.homogeneous.n20.low.hash.FQ64.8688b880\run_config.json,0.6278270445148706,,0.4011684518013632,77.32521908471276,0.0,,,,261.2401524777637,409.0,429.0,low,,,,,,hash,,0.14270387923030675,0.4893304670110058,baseline,,,,,32.397741006702404,,True,0.004798381612422683,8.195775373518805,41,,TSCv1.E1.homogeneous.n20.low.hash.FQ64.8688b880,0.5180136319376826,Q64,,G1_Q61_Q80,0.787,homogeneous,,,,33.81988386025582,0.6995689007584295,1.9699907744684027,0.41073129523875557,0.2590099531898135
958,4777,,,,0.4399641577060932,1473,23.465651135005974,991,3348,991,0.4977398292315419,C:\Users\99349\Desktop\serverless_sim_game_revision\runs\tscv1_g1_formal_q61_q80_98f822c_20260903\online\homogeneous-low\canonical\TSCv1.E1.homogeneous.n20.low.hash.FQ65.0f116f00\run_config.json,0.5715114620451248,,0.18458781362007168,93.70519713261649,0.0,,,,215.452068617558,798.0,847.0,low,,,,,,hash,,0.23033060321401502,0.5588524604972763,baseline,,,,,37.25540243543689,,True,0.008048186679164215,24.61928679055751,120,,TSCv1.E1.homogeneous.n20.low.hash.FQ65.0f116f00,0.727299880525687,Q65,,G1_Q61_Q80,0.991,homogeneous,,,,39.02109453242419,0.5190702146762405,2.336047231215225,0.2704711525849351,0.32175527209201965
909,2001,,,,0.22096486003573557,371,4.902322811197141,1159,1679,1159,0.5992761116856257,C:\Users\99349\Desktop\serverless_sim_game_revision\runs\tscv1_g1_formal_q61_q80_98f822c_20260903\online\homogeneous-low\canonical\TSCv1.E1.homogeneous.n20.low.hash.FQ66.d1ead01e\run_config.json,0.5650474146792763,,0.25014889815366287,48.19535437760572,0.0,,,,76.7144089732528,355.0,814.0,low,,,,,,hash,,0.2430735348508729,0.6468907963428977,baseline,,,,,28.374591489960586,,True,0.026737549419547434,17.535677352637023,74,,TSCv1.E1.homogeneous.n20.low.hash.FQ66.d1ead01e,0.6986301369863014,Q66,,G1_Q61_Q80,1.159,homogeneous,,,,30.087772343648428,0.392199114237892,2.1829622166565454,0.07100334849351946,0.14858515126102867
930,2568,,,,0.4783151326053042,1533,25.24773790951638,1405,3205,1405,0.7379201680672269,C:\Users\99349\Desktop\serverless_sim_game_revision\runs\tscv1_g1_formal_q61_q80_98f822c_20260903\online\homogeneous-low\canonical\TSCv1.E1.homogeneous.n20.low.hash.FQ67.f1b1c43a\run_config.json,0.37924604857095195,,0.34477379095163807,84.58159126365055,0.0,,,,216.77153024911033,490.0,661.0,low,,,,,,hash,,0.27932742987844456,0.5239390490893115,baseline,,,,,34.33853084201753,,True,0.017090431042685546,31.669117647058822,139,,TSCv1.E1.homogeneous.n20.low.hash.FQ67.f1b1c43a,0.568798751950078,Q67,,G1_Q61_Q80,1.405,homogeneous,,,,36.0792042748579,0.6421185297589761,2.5366304130569053,0.09568943551268626,0.24952735986293662
933,2855,,,,0.2842712842712843,394,18.118326118326117,960,1386,960,0.4933196300102775,C:\Users\99349\Desktop\serverless_sim_game_revision\runs\tscv1_g1_formal_q61_q80_98f822c_20260903\online\homogeneous-low\canonical\TSCv1.E1.homogeneous.n20.low.hash.FQ68.b8603d06\run_config.json,0.5989505767822265,,0.16955266955266957,55.032467532467535,0.0,,,,82.18125,567.0,685.0,low,,,,,,hash,,0.19308090537172676,0.5685808363511549,baseline,,,,,31.804958498498813,,True,0.019503273132352165,11.51027749229188,56,,TSCv1.E1.homogeneous.n20.low.hash.FQ68.b8603d06,0.8116883116883117,Q68,,G1_Q61_Q80,0.96,homogeneous,,,,34.324680796020296,0.3550845103765693,2.8804959968593615,0.22370824488026667,0.22939724772907596
920,2225,,,,0.6790450928381963,1792,41.73702159909057,956,2639,956,0.5,C:\Users\99349\Desktop\serverless_sim_game_revision\runs\tscv1_g1_formal_q61_q80_98f822c_20260903\online\homogeneous-low\canonical\TSCv1.E1.homogeneous.n20.low.hash.FQ69.ff594d13\run_config.json,0.51679833065017,,0.36415308829101933,90.07389162561576,0.0,,,,363.35460251046027,824.0,837.0,low,,,,,,hash,,0.22530255528620538,0.48680811667701607,baseline,,,,,33.30584525890565,,True,0.005091035489255044,16.053347280334727,64,,TSCv1.E1.homogeneous.n20.low.hash.FQ69.ff594d13,0.41114058355437666,Q69,,G1_Q61_Q80,0.956,homogeneous,,,,34.56502298333672,0.6640282290391205,2.001950122292122,0.19345211522297912,0.2721964464093862
930,6182,,,,0.22211155378486055,223,16.014940239043824,856,1004,856,0.4451378055122205,C:\Users\99349\Desktop\serverless_sim_game_revision\runs\tscv1_g1_formal_q61_q80_98f822c_20260903\online\homogeneous-low\canonical\TSCv1.E1.homogeneous.n20.low.hash.FQ70.5bbea342\run_config.json,0.8485724190685237,,0.04880478087649402,67.75298804780877,0.0,,,,91.6214953271028,203.0,518.0,low,,,,,,hash,,0.19806929320158423,0.7196442330447739,baseline,,,,,39.49644624095486,,True,0.011010004013614263,79.90951638065522,303,,TSCv1.E1.homogeneous.n20.low.hash.FQ70.5bbea342,0.9193227091633466,Q70,,G1_Q61_Q80,0.856,homogeneous,,,,42.370367902183716,0.4918014264169301,2.5975401439989936,1.0818317590051776,0.31364983230086835
922,5008,,,,0.31653076352853965,427,23.49740548554485,914,1349,914,0.47728459530026107,C:\Users\99349\Desktop\serverless_sim_game_revision\runs\tscv1_g1_formal_q61_q80_98f822c_20260903\online\homogeneous-low\canonical\TSCv1.E1.homogeneous.n20.low.hash.FQ71.ff1eb416\run_config.json,0.6961411490742957,,0.167531504818384,12.056338028169014,0.0,,,,37.2472647702407,247.0,299.0,low,,,,,,hash,,0.17059770784622472,0.6304497776637562,baseline,,,,,39.33419480910317,,True,0.035249625219339546,21.94621409921671,94,,TSCv1.E1.homogeneous.n20.low.hash.FQ71.ff1eb416,0.7924388435878429,Q71,,G1_Q61_Q80,0.914,homogeneous,,,,41.80351230854424,0.5889425795680037,2.1596008467669496,1.2215799994457264,0.3229204495720113
910,2638,,,,0.5085681092070868,1751,22.535869880917804,1324,3443,1324,0.6874350986500519,C:\Users\99349\Desktop\serverless_sim_game_revision\runs\tscv1_g1_formal_q61_q80_98f822c_20260903\online\homogeneous-low\canonical\TSCv1.E1.homogeneous.n20.low.hash.FQ72.94b7120d\run_config.json,0.3725670990266829,,0.3767063607319198,45.35579436537903,0.0,,,,140.96299093655588,578.0,657.0,low,,,,,,hash,,0.19961897918505583,0.4867934000045397,baseline,,,,,27.062977703165338,,True,0.025210321196807283,15.181723779854622,81,,TSCv1.E1.homogeneous.n20.low.hash.FQ72.94b7120d,0.5347081033981993,Q72,,G1_Q61_Q80,1.324,homogeneous,,,,27.895292388028135,0.6418106760430751,1.6217148947932667,0.11103752824118455,0.2586268818880049
908,3528,,,,0.4753008233058898,1501,33.44648511716276,1484,3158,1484,0.7741262389149713,C:\Users\99349\Desktop\serverless_sim_game_revision\runs\tscv1_g1_formal_q61_q80_98f822c_20260903\online\homogeneous-low\canonical\TSCv1.E1.homogeneous.n20.low.hash.FQ73.294ecbc3\run_config.json,0.30233639205562457,,0.18936035465484483,62.887903736542114,0.0,,,,139.28706199460916,379.0,464.0,low,,,,,,hash,,0.20399590600700104,0.44208792276937686,baseline,,,,,33.42080407104795,,True,0.035239740121407334,12.122587376108504,61,,TSCv1.E1.homogeneous.n20.low.hash.FQ73.294ecbc3,0.7346421785940469,Q73,,G1_Q61_Q80,1.484,homogeneous,,,,34.42327806252201,0.6949082683379046,1.8558795288914727,0.14983582074063367,0.30833276389525727
910,2951,,,,0.3971726691349714,1180,21.349377314035678,1135,2971,1135,0.6008470089994706,C:\Users\99349\Desktop\serverless_sim_game_revision\runs\tscv1_g1_formal_q61_q80_98f822c_20260903\online\homogeneous-low\canonical\TSCv1.E1.homogeneous.n20.low.hash.FQ74.78ffd652\run_config.json,0.5012788881814427,,0.38539212386401883,86.61932009424436,0.0,,,,208.04845814977975,497.0,510.0,low,,,,,,hash,,0.22982671743958616,0.5614400281798397,baseline,,,,,34.84178860702178,,True,0.01088308310834581,18.09793541556379,74,,TSCv1.E1.homogeneous.n20.low.hash.FQ74.78ffd652,0.5523392797038035,Q74,,G1_Q61_Q80,1.135,homogeneous,,,,36.4370929998529,0.5799536112278084,2.3265831838499205,0.1183957250006762,0.269721755094546
911,8572,,,,0.2825278810408922,76,23.130111524163567,219,269,219,0.11364815775817333,C:\Users\99349\Desktop\serverless_sim_game_revision\runs\tscv1_g1_formal_q61_q80_98f822c_20260903\online\homogeneous-low\canonical\TSCv1.E1.homogeneous.n20.low.hash.FQ75.b13690b6\run_config.json,3.4948499148294805,,0.0,31.650557620817843,0.0,,,,67.20547945205479,219.0,220.0,low,,,,,,hash,,0.38908785802223356,0.7528815700876063,baseline,,,,,40.17572439456731,,True,0.0009324185419163761,42.461857810067464,175,,TSCv1.E1.homogeneous.n20.low.hash.FQ75.b13690b6,1.0185873605947955,Q75,,G1_Q61_Q80,0.219,homogeneous,,,,44.567819479409636,0.35024579307483794,2.829897033802494,2.238491781212379,0.3260473201883156
932,2615,,,,0.5442359249329759,1421,42.82497127537342,1342,2611,1342,0.6910401647785788,C:\Users\99349\Desktop\serverless_sim_game_revision\runs\tscv1_g1_formal_q61_q80_98f822c_20260903\online\homogeneous-low\canonical\TSCv1.E1.homogeneous.n20.low.hash.FQ76.2fbbd577\run_config.json,0.30268361849152386,,0.18460360015319802,62.275756415166605,0.0,,,,196.51862891207153,379.0,398.0,low,,,,,,hash,,0.12970499627311463,0.40190275954147026,baseline,,,,,31.030770714652242,,True,0.02256107936046392,3.4546858908341918,20,,TSCv1.E1.homogeneous.n20.low.hash.FQ76.2fbbd577,0.7702029873611643,Q76,,G1_Q61_Q80,1.342,homogeneous,,,,32.25286115132144,0.6925300187023489,1.9919859643420115,0.1751996478692666,0.25256483632337523
930,3032,,,,0.4279319606087735,956,32.14503133393017,1131,2234,1131,0.5805954825462012,C:\Users\99349\Desktop\serverless_sim_game_revision\runs\tscv1_g1_formal_q61_q80_98f822c_20260903\online\homogeneous-low\canonical\TSCv1.E1.homogeneous.n20.low.hash.FQ77.8f9ad70c\run_config.json,0.47576596692639256,,0.29140555058191586,40.02730528200537,0.0,,,,129.83112290008842,557.0,606.0,low,,,,,,hash,,0.19210391389121048,0.5317770720838046,baseline,,,,,31.662492811208036,,True,0.018310087483024793,20.50770020533881,99,,TSCv1.E1.homogeneous.n20.low.hash.FQ77.8f9ad70c,0.653088630259624,Q77,,G1_Q61_Q80,1.131,homogeneous,,,,32.28688062086584,0.6266807762034837,1.4644065975238592,0.059817988445151765,0.2731565927944114
923,2022,,,,0.47751430907604253,1168,35.14390842191333,1314,2446,1314,0.6868792472556194,C:\Users\99349\Desktop\serverless_sim_game_revision\runs\tscv1_g1_formal_q61_q80_98f822c_20260903\online\homogeneous-low\canonical\TSCv1.E1.homogeneous.n20.low.hash.FQ78.3e0a7068\run_config.json,0.3064106051417428,,0.2812755519215045,105.93172526573998,0.0,,,,260.07686453576866,678.0,804.0,low,,,,,,hash,,0.24525449391980148,0.39486616136669683,baseline,,,,,30.52374286255426,,True,0.01648883043796131,3.685833768949294,22,,TSCv1.E1.homogeneous.n20.low.hash.FQ78.3e0a7068,0.580130825838103,Q78,,G1_Q61_Q80,1.314,homogeneous,,,,31.637450124814176,0.7698776043608829,2.0207527495043687,0.08904706394533847,0.22621531718945762
910,5061,,,,0.7168367346938775,1124,49.47066326530612,478,1568,478,0.24563206577595068,C:\Users\99349\Desktop\serverless_sim_game_revision\runs\tscv1_g1_formal_q61_q80_98f822c_20260903\online\homogeneous-low\canonical\TSCv1.E1.homogeneous.n20.low.hash.FQ79.539db7c5\run_config.json,1.2349469172904681,,0.19770408163265307,104.87436224489795,0.0,,,,294.2050209205021,754.0,815.0,low,,,,,,hash,,0.26674036458409556,0.5817299423830532,baseline,,,,,38.79641671530274,,True,0.0013156171497217491,28.33350462487153,122,,TSCv1.E1.homogeneous.n20.low.hash.FQ79.539db7c5,0.6619897959183674,Q79,,G1_Q61_Q80,0.478,homogeneous,,,,40.32818460492743,0.6788659657965745,2.104980506761063,0.4454998759955103,0.3398466304966264
944,2259,,,,0.40583440583440583,946,26.595881595881597,1394,2331,1394,0.7185567010309278,C:\Users\99349\Desktop\serverless_sim_game_revision\runs\tscv1_g1_formal_q61_q80_98f822c_20260903\online\homogeneous-low\canonical\TSCv1.E1.homogeneous.n20.low.hash.FQ80.487f1955\run_config.json,0.349915689170104,,0.21793221793221793,43.669669669669666,0.0,,,,117.18149210903874,255.0,331.0,low,,,,,,hash,,0.1331838816586544,0.4833041869665891,baseline,,,,,29.67414728547156,,True,0.03399697960110461,6.758247422680412,46,,TSCv1.E1.homogeneous.n20.low.hash.FQ80.487f1955,0.7121407121407122,Q80,,G1_Q61_Q80,1.394,homogeneous,,,,31.205931408946732,0.6786377464403366,2.1703944631306773,0.22722977889440343,0.18720270579844886
919,2033,,,,0.15382665990876837,607,14.60339584389255,1874,3946,1874,0.989440337909187,C:\Users\99349\Desktop\serverless_sim_game_revision\runs\tscv1_g1_formal_q61_q80_98f822c_20260903\online\homogeneous-low\canonical\TSCv1.E1.homogeneous.n20.low.load_least.FQ61.a9836a72\run_config.json,0.30209145398379134,,0.4199189052204764,7.359604662949822,0.0,,,,43.236392742796156,228.0,263.0,low,,,,,,load_least,,0.32828295693538906,0.5557047503814763,baseline,,,,,31.420857562258863,,True,0.14347680396297596,10.232312565997889,53,,TSCv1.E1.homogeneous.n20.low.load_least.FQ61.a9836a72,0.5146984287886467,Q61,,G1_Q61_Q80,1.874,homogeneous,,,,31.867921717578533,0.8145610738340483,1.4588289900595368,0.032336004305607104,0.22953992460492909
909,3031,,,,0.3390804597701149,1770,25.208812260536398,1680,5220,1680,0.896,C:\Users\99349\Desktop\serverless_sim_game_revision\runs\tscv1_g1_formal_q61_q80_98f822c_20260903\online\homogeneous-low\canonical\TSCv1.E1.homogeneous.n20.low.load_least.FQ62.a45ab80c\run_config.json,0.31170977637881325,,0.36590038314176243,35.639655172413796,0.0,,,,163.34464285714284,548.0,570.0,low,,,,,,load_least,,0.3134401930821094,0.5137398236175388,baseline,,,,,36.64417735093185,,True,0.032995442912504225,12.3312,56,,TSCv1.E1.homogeneous.n20.low.load_least.FQ62.a45ab80c,0.5339080459770115,Q62,,G1_Q61_Q80,1.68,homogeneous,,,,37.49575426019249,0.7321602519013477,1.825608442007453,0.09853712960534444,0.34040849016999614
931,2062,,,,0.33192834562697576,1575,20.75110642781876,1776,4745,1776,0.9221183800623053,C:\Users\99349\Desktop\serverless_sim_game_revision\runs\tscv1_g1_formal_q61_q80_98f822c_20260903\online\homogeneous-low\canonical\TSCv1.E1.homogeneous.n20.low.load_least.FQ63.9238fbe3\run_config.json,0.31090346327773083,,0.4301369863013699,44.86448893572181,0.0,,,,174.38063063063063,631.0,731.0,low,,,,,,load_least,,0.275007739410375,0.5433449325369244,baseline,,,,,29.477827379705833,,True,0.03275813419470352,9.474039460020768,50,,TSCv1.E1.homogeneous.n20.low.load_least.FQ63.9238fbe3,0.4033719704952582,Q63,,G1_Q61_Q80,1.776,homogeneous,,,,30.368598937063283,0.6595718948772153,1.737375028554267,0.050882405636671325,0.2379138853353973
928,2409,,,,0.475,1520,32.45875,1547,3200,1547,0.7970118495620814,C:\Users\99349\Desktop\serverless_sim_game_revision\runs\tscv1_g1_formal_q61_q80_98f822c_20260903\online\homogeneous-low\canonical\TSCv1.E1.homogeneous.n20.low.load_least.FQ64.3ca575ee\run_config.json,0.32373175100118173,,0.245,58.9996875,0.0,,,,180.72333548804136,657.0,787.0,low,,,,,,load_least,,0.21411072753629162,0.49389426638543527,baseline,,,,,32.279330310211876,,True,0.026441785872342197,7.64451313755796,37,,TSCv1.E1.homogeneous.n20.low.load_least.FQ64.3ca575ee,0.79,Q64,,G1_Q61_Q80,1.547,homogeneous,,,,33.02644085597081,0.736567109998744,1.6590162737827767,0.08765471094794766,0.2629932816739199
954,4785,,,,0.33073367995378394,2290,19.441796649335643,1963,6924,1963,0.9859367152184831,C:\Users\99349\Desktop\serverless_sim_game_revision\runs\tscv1_g1_formal_q61_q80_98f822c_20260903\online\homogeneous-low\canonical\TSCv1.E1.homogeneous.n20.low.load_least.FQ65.99c4cb4b\run_config.json,0.30279537906345516,,0.25909878682842286,29.779751588677065,0.0,,,,109.0285277636271,557.0,621.0,low,,,,,,load_least,,0.31729318930219236,0.5842486559716856,baseline,,,,,38.67808200513308,,True,0.05946082200109744,24.61928679055751,120,,TSCv1.E1.homogeneous.n20.low.load_least.FQ65.99c4cb4b,0.6873194685153091,Q65,,G1_Q61_Q80,1.963,homogeneous,,,,39.03657606318204,0.7736031785325119,1.4230982121753593,0.10359831676899203,0.394599415889728
909,2001,,,,0.1550068587105624,904,3.4819958847736627,1798,5832,1798,0.9296794208893485,C:\Users\99349\Desktop\serverless_sim_game_revision\runs\tscv1_g1_formal_q61_q80_98f822c_20260903\online\homogeneous-low\canonical\TSCv1.E1.homogeneous.n20.low.load_least.FQ66.38a738b0\run_config.json,0.4037005092463849,,0.5823045267489712,14.148319615912209,0.0,,,,52.41601779755284,253.0,391.0,low,,,,,,load_least,,0.4929746509168333,0.7102962141234287,baseline,,,,,28.656300648160723,,True,0.08497014648141808,17.526370217166495,74,,TSCv1.E1.homogeneous.n20.low.load_least.FQ66.38a738b0,0.31790123456790126,Q66,,G1_Q61_Q80,1.798,homogeneous,,,,30.087772490440877,0.4938727281608343,2.048969873394268,0.05707344653523308,0.1806986153438531
935,2615,,,,0.25961132234896495,1229,15.234896493451627,1888,4734,1888,0.9915966386554622,C:\Users\99349\Desktop\serverless_sim_game_revision\runs\tscv1_g1_formal_q61_q80_98f822c_20260903\online\homogeneous-low\canonical\TSCv1.E1.homogeneous.n20.low.load_least.FQ67.edfe91ea\run_config.json,0.30994938995878574,,0.34790874524714827,23.22581326573722,0.0,,,,88.62341101694915,336.0,563.0,low,,,,,,load_least,,0.4006985206095923,0.5725724454609993,baseline,,,,,35.27676790941286,,True,0.06873259523852032,34.29096638655462,149,,TSCv1.E1.homogeneous.n20.low.load_least.FQ67.edfe91ea,0.5882974228981833,Q67,,G1_Q61_Q80,1.888,homogeneous,,,,36.054165740587514,0.7398005342556174,1.7560016093244972,0.043110516805550794,0.2819137066089856
938,2879,,,,0.23899576133029019,733,17.270622758395827,1425,3067,1425,0.7322713257965057,C:\Users\99349\Desktop\serverless_sim_game_revision\runs\tscv1_g1_formal_q61_q80_98f822c_20260903\online\homogeneous-low\canonical\TSCv1.E1.homogeneous.n20.low.load_least.FQ68.5baf7931\run_config.json,0.40652934827302634,,0.35507010107597,26.327355722204107,0.0,,,,86.59438596491228,577.0,782.0,low,,,,,,load_least,,0.2967193158373949,0.5697950067901244,baseline,,,,,33.01763678905491,,True,0.04047932142237714,10.680883864337101,52,,TSCv1.E1.homogeneous.n20.low.load_least.FQ68.5baf7931,0.5588522986631888,Q68,,G1_Q61_Q80,1.425,homogeneous,,,,34.38888349993521,0.577687559601472,2.0632965997632655,0.1408633773369419,0.25522571370994185
949,2644,,,,0.34169517293804635,1798,23.45572025845686,1520,5262,1520,0.7949790794979079,C:\Users\99349\Desktop\serverless_sim_game_revision\runs\tscv1_g1_formal_q61_q80_98f822c_20260903\online\homogeneous-low\canonical\TSCv1.E1.homogeneous.n20.low.load_least.FQ69.9a10935f\run_config.json,0.3928268031070107,,0.45933105283162295,33.806157354618016,0.0,,,,200.00526315789475,600.0,679.0,low,,,,,,load_least,,0.4138243779662943,0.5840853890012412,baseline,,,,,34.423110174880264,,True,0.019346439563577192,17.322175732217573,70,,TSCv1.E1.homogeneous.n20.low.load_least.FQ69.9a10935f,0.403268719118206,Q69,,G1_Q61_Q80,1.52,homogeneous,,,,35.45688675174915,0.6305093913611712,1.8706015860845029,0.08665929164852998,0.2929748569230539
930,6182,,,,0.2546712802768166,368,15.745328719723183,968,1445,968,0.5033801352054083,C:\Users\99349\Desktop\serverless_sim_game_revision\runs\tscv1_g1_formal_q61_q80_98f822c_20260903\online\homogeneous-low\canonical\TSCv1.E1.homogeneous.n20.low.load_least.FQ70.5ab1ee4e\run_config.json,0.8094109779547068,,0.1875432525951557,16.402768166089967,0.0,,,,38.25929752066116,236.0,304.0,low,,,,,,load_least,,0.3089857857736267,0.7733744399521416,baseline,,,,,40.61032614990254,,True,0.03125858216194276,79.90951638065522,303,,TSCv1.E1.homogeneous.n20.low.load_least.FQ70.5ab1ee4e,0.7889273356401384,Q70,,G1_Q61_Q80,0.968,homogeneous,,,,42.370367639313926,0.6050068501570476,2.116577191959882,0.6040148102819669,0.3555433665402535
925,5046,,,,0.1757936507936508,443,11.753174603174603,1080,2520,1080,0.5639686684073107,C:\Users\99349\Desktop\serverless_sim_game_revision\runs\tscv1_g1_formal_q61_q80_98f822c_20260903\online\homogeneous-low\canonical\TSCv1.E1.homogeneous.n20.low.load_least.FQ71.d258da44\run_config.json,0.7092690361870659,,0.2726190476190476,30.85238095238095,0.0,,,,88.42777777777778,384.0,683.0,low,,,,,,load_least,,0.37457195031543444,0.753946870415958,baseline,,,,,39.86582382737385,,True,0.01721963904415856,21.95509138381201,94,,TSCv1.E1.homogeneous.n20.low.load_least.FQ71.d258da44,0.6888888888888889,Q71,,G1_Q61_Q80,1.08,homogeneous,,,,41.80966852205498,0.4515300665378443,2.4913582814103594,0.21738368609430675,0.3133673704348525
908,2632,,,,0.30060049452490284,1702,16.34687389614977,1904,5662,1904,0.9885773624091381,C:\Users\99349\Desktop\serverless_sim_game_revision\runs\tscv1_g1_formal_q61_q80_98f822c_20260903\online\homogeneous-low\canonical\TSCv1.E1.homogeneous.n20.low.load_least.FQ72.cd02014e\run_config.json,0.2783263390805541,,0.4634404803956199,11.899328859060402,0.0,,,,66.00577731092437,341.0,411.0,low,,,,,,load_least,,0.26587522439134337,0.5214161713481983,baseline,,,,,27.844436111602377,,True,0.10364078337781597,16.52492211838006,87,,TSCv1.E1.homogeneous.n20.low.load_least.FQ72.cd02014e,0.46485340868950903,Q72,,G1_Q61_Q80,1.904,homogeneous,,,,27.876742911193872,0.774418937004494,1.067364072070477,0.041429964045634475,0.3020679432117468
907,3519,,,,0.2432712215320911,940,19.131469979296067,1444,3864,1444,0.7532603025560772,C:\Users\99349\Desktop\serverless_sim_game_revision\runs\tscv1_g1_formal_q61_q80_98f822c_20260903\online\homogeneous-low\canonical\TSCv1.E1.homogeneous.n20.low.load_least.FQ73.19bd62a4\run_config.json,0.33620767778306787,,0.15579710144927536,7.084886128364389,0.0,,,,41.896814404432135,233.0,286.0,low,,,,,,load_least,,0.24084465789350404,0.4777733981107078,baseline,,,,,34.24602593857987,,True,0.10251291034844216,16.68961919666145,81,,TSCv1.E1.homogeneous.n20.low.load_least.FQ73.19bd62a4,0.792184265010352,Q73,,G1_Q61_Q80,1.444,homogeneous,,,,34.41007776008339,0.8238286983801895,1.2734629298245645,0.07075313702924375,0.35633593644818723
911,2958,,,,0.22133712660028448,778,16.475391180654338,1333,3515,1333,0.7056643726839598,C:\Users\99349\Desktop\serverless_sim_game_revision\runs\tscv1_g1_formal_q61_q80_98f822c_20260903\online\homogeneous-low\canonical\TSCv1.E1.homogeneous.n20.low.load_least.FQ74.04ecc566\run_config.json,0.3820302380893075,,0.3928876244665718,8.011095305832148,0.0,,,,49.85221305326331,280.0,334.0,low,,,,,,load_least,,0.3041712136606788,0.499580843160757,baseline,,,,,35.359424910245515,,True,0.0699919297918136,17.88406564319746,73,,TSCv1.E1.homogeneous.n20.low.load_least.FQ74.04ecc566,0.5337126600284495,Q74,,G1_Q61_Q80,1.333,homogeneous,,,,36.44830179117756,0.6950349569537294,1.9176899676713046,0.16324504164624973,0.29702343203837683
911,8572,,,,0.291044776119403,78,23.828358208955223,218,268,218,0.11312921639854696,C:\Users\99349\Desktop\serverless_sim_game_revision\runs\tscv1_g1_formal_q61_q80_98f822c_20260903\online\homogeneous-low\canonical\TSCv1.E1.homogeneous.n20.low.load_least.FQ75.697fccf1\run_config.json,3.715881627634031,,0.0,32.865671641791046,0.0,,,,69.60091743119266,219.0,220.0,low,,,,,,load_least,,0.43218701939767934,0.7962369723025824,baseline,,,,,40.255408672545485,,True,0.0008429069964095258,42.461857810067464,175,,TSCv1.E1.homogeneous.n20.low.load_least.FQ75.697fccf1,1.0186567164179106,Q75,,G1_Q61_Q80,0.218,homogeneous,,,,44.56781960134466,0.3830987890201003,2.72481600776127,2.30891943743389,0.33822499792736044
939,2710,,,,0.32736429770565195,1170,37.76049244543928,1934,3574,1934,0.995880535530381,C:\Users\99349\Desktop\serverless_sim_game_revision\runs\tscv1_g1_formal_q61_q80_98f822c_20260903\online\homogeneous-low\canonical\TSCv1.E1.homogeneous.n20.low.load_least.FQ76.271b7022\run_config.json,0.21034359069003683,,0.19781757134862898,18.694739787353107,0.0,,,,98.19027921406412,337.0,377.0,low,,,,,,load_least,,0.19599357747729876,0.40052833878522276,baseline,,,,,32.40619366987165,,True,0.09363941491606718,4.285272914521112,22,,TSCv1.E1.homogeneous.n20.low.load_least.FQ76.271b7022,0.9196978175713486,Q76,,G1_Q61_Q80,1.934,homogeneous,,,,32.51322876624076,0.843419554175266,1.2059156649447016,0.03377898995286864,0.2892401194275525
929,3012,,,,0.21188539087371772,1198,12.981429076759817,1894,5654,1894,0.9722792607802875,C:\Users\99349\Desktop\serverless_sim_game_revision\runs\tscv1_g1_formal_q61_q80_98f822c_20260903\online\homogeneous-low\canonical\TSCv1.E1.homogeneous.n20.low.load_least.FQ77.b627365c\run_config.json,0.33413490045662286,,0.4301379554297842,10.919349133356915,0.0,,,,67.55702217529038,298.0,380.0,low,,,,,,load_least,,0.30992498716258926,0.6228884486155687,baseline,,,,,31.364569869174424,,True,0.08390496031569608,23.44917864476386,111,,TSCv1.E1.homogeneous.n20.low.load_least.FQ77.b627365c,0.5205164485320127,Q77,,G1_Q61_Q80,1.894,homogeneous,,,,32.20623734019509,0.6089115540127815,1.679502212668795,0.050518948379483515,0.27944223960220893
922,2031,,,,0.39580458183825556,1434,28.773668230747997,1879,3623,1879,0.9822268687924726,C:\Users\99349\Desktop\serverless_sim_game_revision\runs\tscv1_g1_formal_q61_q80_98f822c_20260903\online\homogeneous-low\canonical\TSCv1.E1.homogeneous.n20.low.load_least.FQ78.1e2f254e\run_config.json,0.25346240520223523,,0.2889870273254209,51.419265801821695,0.0,,,,152.08568387440127,530.0,755.0,low,,,,,,load_least,,0.33542610565742104,0.4657045322450818,baseline,,,,,31.29634949211297,,True,0.04874441845169531,4.1881860951385255,24,,TSCv1.E1.homogeneous.n20.low.load_least.FQ78.1e2f254e,0.563621308308032,Q78,,G1_Q61_Q80,1.879,homogeneous,,,,31.708390615774103,0.8759730824453693,1.5016680880463928,0.03492658528449323,0.24858079532253982
910,5061,,,,0.2840637450199203,1426,17.297011952191234,1207,5020,1207,0.6202466598150052,C:\Users\99349\Desktop\serverless_sim_game_revision\runs\tscv1_g1_formal_q61_q80_98f822c_20260903\online\homogeneous-low\canonical\TSCv1.E1.homogeneous.n20.low.load_least.FQ79.ada183f0\run_config.json,0.5725108781133492,,0.3312749003984064,41.852788844621514,0.0,,,,153.5608947804474,486.0,824.0,low,,,,,,load_least,,0.45768708073009096,0.676590108577952,baseline,,,,,39.13507400993961,,True,0.013729126071492504,28.33350462487153,122,,TSCv1.E1.homogeneous.n20.low.load_least.FQ79.ada183f0,0.6209163346613545,Q79,,G1_Q61_Q80,1.207,homogeneous,,,,40.32818387831843,0.6570067980544407,2.0538594559102963,0.1542924322059823,0.35803505442955585
940,2218,,,,0.24591029023746702,932,15.847229551451187,1904,3790,1904,0.9814432989690721,C:\Users\99349\Desktop\serverless_sim_game_revision\runs\tscv1_g1_formal_q61_q80_98f822c_20260903\online\homogeneous-low\canonical\TSCv1.E1.homogeneous.n20.low.load_least.FQ80.4c1d39f6\run_config.json,0.3181455596154477,,0.33984168865435355,21.129023746701847,0.0,,,,74.35346638655462,243.0,356.0,low,,,,,,load_least,,0.2678830020071244,0.5970788214373567,baseline,,,,,30.314113614793506,,True,0.08048961639905948,10.560309278350516,62,,TSCv1.E1.homogeneous.n20.low.load_least.FQ80.4c1d39f6,0.6094986807387863,Q80,,G1_Q61_Q80,1.904,homogeneous,,,,31.135079734705933,0.725032281018021,1.699061366380927,0.056318194718781196,0.209381005015456
320,572,,,,0.42152466367713004,470,38.647533632286994,529,1115,529,0.27930306230200636,C:\Users\99349\Desktop\serverless_sim_game_revision\runs\tscv1_g1_formal_q61_q80_98f822c_20260903\online\homogeneous-low\canonical\TSCv1.E1.homogeneous.n20.low.random.FQ61.0e4aa700\run_config.json,0.9456293289963374,,0.39282511210762333,16.31659192825112,1.0,,,,166.0775047258979,267.0,293.0,low,,,,,,random,,0.0920017265100057,0.49699175700040826,baseline,,,,,31.156360209405005,,True,0.003368402084636448,593.8173178458289,2912,,TSCv1.E1.homogeneous.n20.low.random.FQ61.0e4aa700,31.55695067264574,Q61,,G1_Q61_Q80,0.529,homogeneous,,,,31.834846870048896,0.8385118070177382,1.7194335495050137,0.026530307085885035,0.22896538445582756
594,1110,,,,0.4190535491905355,673,31.976961394769614,548,1606,548,0.2922666666666667,C:\Users\99349\Desktop\serverless_sim_game_revision\runs\tscv1_g1_formal_q61_q80_98f822c_20260903\online\homogeneous-low\canonical\TSCv1.E1.homogeneous.n20.low.random.FQ62.1e91ed91\run_config.json,0.7679350358726335,,0.35367372353673726,12.704234122042342,0.9983164983164983,,,,375.97627737226276,571.0,612.0,low,,,,,,random,,0.09726599158758084,0.417483071301276,baseline,,,,,37.091965881553854,,True,0.0018979974862441927,958.1333333333333,3712,,TSCv1.E1.homogeneous.n20.low.random.FQ62.1e91ed91,145.26214196762143,Q62,,G1_Q61_Q80,0.548,homogeneous,,,,37.14791772344091,0.9684612192196754,1.34874633953378,0.04532934043657135,0.36966251191255206
491,839,,,,0.3855595667870036,534,24.04693140794224,537,1385,537,0.278816199376947,C:\Users\99349\Desktop\serverless_sim_game_revision\runs\tscv1_g1_formal_q61_q80_98f822c_20260903\online\homogeneous-low\canonical\TSCv1.E1.homogeneous.n20.low.random.FQ63.0965b6d1\run_config.json,0.7116883347154329,,0.3711191335740072,14.04332129963899,0.9979633401221996,,,,405.2067039106145,625.0,660.0,low,,,,,,random,,0.08503859895711931,0.37924214863996375,baseline,,,,,32.01792472139161,,True,0.0018621206508299727,908.8681204569056,3458,,TSCv1.E1.homogeneous.n20.low.random.FQ63.0965b6d1,123.42527075812275,Q63,,G1_Q61_Q80,0.537,homogeneous,,,,32.05377385045121,0.9240762868028076,1.241714377227074,0.01616405414614973,0.2979529351528836
720,1312,,,,0.40449954086317724,881,27.165289256198346,877,2178,877,0.45182895414734675,C:\Users\99349\Desktop\serverless_sim_game_revision\runs\tscv1_g1_formal_q61_q80_98f822c_20260903\online\homogeneous-low\canonical\TSCv1.E1.homogeneous.n20.low.random.FQ64.4bca17bb\run_config.json,0.46409699147484323,,0.26400367309458217,28.16850321395776,0.9972222222222222,,,,375.5427594070696,531.0,583.0,low,,,,,,random,,0.1164029260753507,0.4031301592938414,baseline,,,,,33.384828999275115,,True,0.005031893575572165,635.5461102524472,2498,,TSCv1.E1.homogeneous.n20.low.random.FQ64.4bca17bb,105.60376492194673,Q64,,G1_Q61_Q80,0.877,homogeneous,,,,33.59499725481359,0.8655280855998682,1.3517253240797578,0.0337725896842596,0.30980190849385975
548,1361,,,,0.4487671232876712,819,25.9172602739726,509,1825,509,0.25565042692114515,C:\Users\99349\Desktop\serverless_sim_game_revision\runs\tscv1_g1_formal_q61_q80_98f822c_20260903\online\homogeneous-low\canonical\TSCv1.E1.homogeneous.n20.low.random.FQ65.6b4dd616\run_config.json,0.942228066195205,,0.2602739726027397,14.14958904109589,1.0,,,,282.4538310412574,413.0,430.0,low,,,,,,random,,0.08791875767334621,0.4764617846862656,baseline,,,,,38.912831838300875,,True,0.0019125565109371246,1148.1873430436967,5111,,TSCv1.E1.homogeneous.n20.low.random.FQ65.6b4dd616,122.72821917808218,Q65,,G1_Q61_Q80,0.509,homogeneous,,,,39.08874720111653,0.8881697104525295,1.3867261359833516,0.10373925374961793,0.42638037631303227
287,529,,,,0.16468378209142143,263,4.619286161552911,495,1597,495,0.2559462254395036,C:\Users\99349\Desktop\serverless_sim_game_revision\runs\tscv1_g1_formal_q61_q80_98f822c_20260903\online\homogeneous-low\canonical\TSCv1.E1.homogeneous.n20.low.random.FQ66.b2ada8e0\run_config.json,0.890960693359375,,0.5904821540388228,4.9411396368190355,0.9965156794425087,,,,391.42424242424244,715.0,739.0,low,,,,,,random,,0.12729255638541748,0.436775826067284,baseline,,,,,29.721243953885114,,True,0.0014193808274079135,1272.447259565667,5000,,TSCv1.E1.homogeneous.n20.low.random.FQ66.b2ada8e0,114.58046336881652,Q66,,G1_Q61_Q80,0.495,homogeneous,,,,29.88320601234364,0.8642057021891737,1.2442847695377688,0.011300918200741644,0.22941785439539045
426,1033,,,,0.339209726443769,558,19.996960486322187,687,1645,687,0.36081932773109243,C:\Users\99349\Desktop\serverless_sim_game_revision\runs\tscv1_g1_formal_q61_q80_98f822c_20260903\online\homogeneous-low\canonical\TSCv1.E1.homogeneous.n20.low.random.FQ67.a937e2bb\run_config.json,0.6773789584896971,,0.34407294832826746,19.896048632218847,0.9976525821596244,,,,325.9184861717613,487.0,498.0,low,,,,,,random,,0.14150597611769236,0.4606622505521887,baseline,,,,,35.760622620928785,,True,0.003111831270281046,748.3319327731092,3041,,TSCv1.E1.homogeneous.n20.low.random.FQ67.a937e2bb,125.45288753799392,Q67,,G1_Q61_Q80,0.687,homogeneous,,,,36.13717146926097,0.9476296480633283,1.573902992172832,0.06537565645930382,0.31509942282261716
693,1143,,,,0.25955842757135167,482,16.541195476575123,719,1857,719,0.3694758478931141,C:\Users\99349\Desktop\serverless_sim_game_revision\runs\tscv1_g1_formal_q61_q80_98f822c_20260903\online\homogeneous-low\canonical\TSCv1.E1.homogeneous.n20.low.random.FQ68.25f144ed\run_config.json,0.6400030186511213,,0.30156165858912226,13.50511577813678,0.9971139971139971,,,,378.1988873435327,604.0,621.0,low,,,,,,random,,0.15422597216615,0.4550723343477904,baseline,,,,,34.49650955867684,,True,0.002970479921458931,869.3155190133607,3393,,TSCv1.E1.homogeneous.n20.low.random.FQ68.25f144ed,159.76898222940227,Q68,,G1_Q61_Q80,0.719,homogeneous,,,,34.78169945343899,0.8240178418486304,1.406602956074325,0.02476759355316429,0.32216293344556085
314,506,,,,0.49904397705544934,522,30.695984703632888,328,1046,328,0.17154811715481172,C:\Users\99349\Desktop\serverless_sim_game_revision\runs\tscv1_g1_formal_q61_q80_98f822c_20260903\online\homogeneous-low\canonical\TSCv1.E1.homogeneous.n20.low.random.FQ69.7a4e6a15\run_config.json,1.0565703787454745,,0.3527724665391969,16.27246653919694,0.9968152866242038,,,,515.0091463414634,754.0,781.0,low,,,,,,random,,0.0746546297044782,0.34395720254965956,baseline,,,,,35.27363145398528,,True,0.0006027822715318524,1457.1746861924687,5570,,TSCv1.E1.homogeneous.n20.low.random.FQ69.7a4e6a15,119.82504780114722,Q69,,G1_Q61_Q80,0.328,homogeneous,,,,35.1579647893491,0.9699747920139388,1.1998245902212241,0.013267763356564074,0.35878437407049735
360,623,,,,0.28164556962025317,89,18.70253164556962,120,316,120,0.062402496099843996,C:\Users\99349\Desktop\serverless_sim_game_revision\runs\tscv1_g1_formal_q61_q80_98f822c_20260903\online\homogeneous-low\canonical\TSCv1.E1.homogeneous.n20.low.random.FQ70.e7ce10c5\run_config.json,4.052155558268229,,0.36075949367088606,6.518987341772152,1.0,,,,455.2416666666667,845.0,884.0,low,,,,,,random,,0.06971619518875767,0.4836899489707588,baseline,,,,,42.688582630065625,,True,6.505087344430765e-05,3928.224128965159,15099,,TSCv1.E1.homogeneous.n20.low.random.FQ70.e7ce10c5,224.9905063291139,Q70,,G1_Q61_Q80,0.12,homogeneous,,,,42.7210843008173,0.9094630308751238,1.3559960295262345,0.06364438370659493,0.4776757645568725
295,596,,,,0.32701421800947866,207,18.589257503949447,168,633,168,0.08772845953002611,C:\Users\99349\Desktop\serverless_sim_game_revision\runs\tscv1_g1_formal_q61_q80_98f822c_20260903\online\homogeneous-low\canonical\TSCv1.E1.homogeneous.n20.low.random.FQ71.fb22ca5c\run_config.json,3.4012483869280135,,0.330173775671406,5.7788309636650865,1.0,,,,274.32738095238096,439.0,456.0,low,,,,,,random,,0.058903131847654916,0.5690571717917869,baseline,,,,,41.7586430991256,,True,0.0001800535861423839,2212.9906005221933,8888,,TSCv1.E1.homogeneous.n20.low.random.FQ71.fb22ca5c,122.24486571879937,Q71,,G1_Q61_Q80,0.168,homogeneous,,,,42.07103770851289,0.8609713160514132,1.5127270251712543,0.08560790316570525,0.4249685211419659
530,851,,,,0.32698585418933623,601,17.170293797606092,619,1838,619,0.32139148494288683,C:\Users\99349\Desktop\serverless_sim_game_revision\runs\tscv1_g1_formal_q61_q80_98f822c_20260903\online\homogeneous-low\canonical\TSCv1.E1.homogeneous.n20.low.random.FQ72.218a90e9\run_config.json,0.5809519926450172,,0.4423286180631121,5.877584330794342,1.0,,,,397.9806138933764,647.0,673.0,low,,,,,,random,,0.0863666247902339,0.35665485302418937,baseline,,,,,28.159537238043708,,True,0.0026772472785247994,1021.6921079958463,3937,,TSCv1.E1.homogeneous.n20.low.random.FQ72.218a90e9,158.18389553862895,Q72,,G1_Q61_Q80,0.619,homogeneous,,,,27.917390372862407,0.8949677006294459,0.9563419934445346,0.024716951171883966,0.32823790061768016
290,950,,,,0.6786372007366482,737,51.300184162062614,423,1086,423,0.22065727699530516,C:\Users\99349\Desktop\serverless_sim_game_revision\runs\tscv1_g1_formal_q61_q80_98f822c_20260903\online\homogeneous-low\canonical\TSCv1.E1.homogeneous.n20.low.random.FQ73.c692f5f4\run_config.json,1.1537142273382093,,0.143646408839779,22.224677716390424,0.9862068965517241,,,,159.55082742316785,394.0,413.0,low,,,,,,random,,0.0643661493014928,0.4856197245059148,baseline,,,,,34.32654374072426,,True,0.002297963140678132,707.7235263432447,3575,,TSCv1.E1.homogeneous.n20.low.random.FQ73.c692f5f4,29.478821362799263,Q73,,G1_Q61_Q80,0.423,homogeneous,,,,34.40759534233495,0.9364321310582914,1.2530091418718037,0.1448726813397125,0.3803978186218362
493,1144,,,,0.33006001091107473,605,23.064375340971086,606,1833,606,0.3208046585494971,C:\Users\99349\Desktop\serverless_sim_game_revision\runs\tscv1_g1_formal_q61_q80_98f822c_20260903\online\homogeneous-low\canonical\TSCv1.E1.homogeneous.n20.low.random.FQ74.4cf44096\run_config.json,0.7476546284389181,,0.3502454991816694,11.445717403164211,0.9979716024340771,,,,379.9075907590759,606.0,644.0,low,,,,,,random,,0.1175918568980486,0.44910488436675194,baseline,,,,,36.677489987620106,,True,0.0021335048127796912,999.494441503441,3694,,TSCv1.E1.homogeneous.n20.low.random.FQ74.4cf44096,161.18767048554284,Q74,,G1_Q61_Q80,0.606,homogeneous,,,,36.738378304701584,0.9554140669655159,1.3252769703423226,0.06025917808544803,0.36923387388770396
631,964,,,,0.4731182795698925,44,36.38709677419355,52,93,52,0.026984950700570835,C:\Users\99349\Desktop\serverless_sim_game_revision\runs\tscv1_g1_formal_q61_q80_98f822c_20260903\online\homogeneous-low\canonical\TSCv1.E1.homogeneous.n20.low.random.FQ75.f8ab80e8\run_config.json,11.068294818584736,,0.1935483870967742,8.075268817204302,1.0,,,,298.13461538461536,716.0,821.0,low,,,,,,random,,0.07275552818134465,0.5727444969800732,baseline,,,,,43.727960707241074,,True,1.5758331113110665e-05,4617.202906071614,17916,,TSCv1.E1.homogeneous.n20.low.random.FQ75.f8ab80e8,186.58064516129033,Q75,,G1_Q61_Q80,0.052,homogeneous,,,,44.0341769273845,0.850967829599223,1.4785373079207922,0.1449989278286819,0.4663518684069893
585,1338,,,,0.5352422907488987,972,55.778083700440526,980,1816,980,0.5046343975283213,C:\Users\99349\Desktop\serverless_sim_game_revision\runs\tscv1_g1_formal_q61_q80_98f822c_20260903\online\homogeneous-low\canonical\TSCv1.E1.homogeneous.n20.low.random.FQ76.1c51542f\run_config.json,0.3893265393315529,,0.22301762114537446,29.47191629955947,0.9965811965811966,,,,291.4591836734694,480.0,484.0,low,,,,,,random,,0.09930402505369966,0.3781624580241675,baseline,,,,,32.12385172622977,,True,0.008636431288206431,363.3254376930999,1761,,TSCv1.E1.homogeneous.n20.low.random.FQ76.1c51542f,99.19823788546256,Q76,,G1_Q61_Q80,0.98,homogeneous,,,,32.17296415309022,0.9336736183474328,1.2312330997845518,0.04084484714051355,0.2892920349255449
414,1076,,,,0.29060665362035226,594,17.096868884540118,676,2044,676,0.3470225872689938,C:\Users\99349\Desktop\serverless_sim_game_revision\runs\tscv1_g1_formal_q61_q80_98f822c_20260903\online\homogeneous-low\canonical\TSCv1.E1.homogeneous.n20.low.random.FQ77.ba809ee0\run_config.json,0.5515627437794702,,0.4315068493150685,6.522994129158513,1.0,,,,383.896449704142,605.0,636.0,low,,,,,,random,,0.1115235956822709,0.36914085366721977,baseline,,,,,32.450030404838934,,True,0.003192549773268724,986.0405544147844,3859,,TSCv1.E1.homogeneous.n20.low.random.FQ77.ba809ee0,163.2866927592955,Q77,,G1_Q61_Q80,0.676,homogeneous,,,,32.28333256235796,0.9002260754930486,1.0550675154507825,0.03394529275374563,0.3554846275057713
573,987,,,,0.4059347181008902,684,28.378635014836796,863,1685,863,0.4511238891792995,C:\Users\99349\Desktop\serverless_sim_game_revision\runs\tscv1_g1_formal_q61_q80_98f822c_20260903\online\homogeneous-low\canonical\TSCv1.E1.homogeneous.n20.low.random.FQ78.65efaaae\run_config.json,0.5008416910712993,,0.3121661721068249,60.108011869436204,0.9947643979057592,,,,328.44959443800695,693.0,717.0,low,,,,,,random,,0.15711987334857064,0.42708220719706524,baseline,,,,,31.345120800060826,,True,0.0052461607335726485,410.0930475692629,1907,,TSCv1.E1.homogeneous.n20.low.random.FQ78.65efaaae,86.74480712166172,Q78,,G1_Q61_Q80,0.863,homogeneous,,,,31.7483578288688,0.9148326317266408,1.543622606914215,0.0199594910519826,0.24551258386389221
454,1332,,,,0.5023809523809524,633,31.893650793650792,295,1260,295,0.15159301130524153,C:\Users\99349\Desktop\serverless_sim_game_revision\runs\tscv1_g1_formal_q61_q80_98f822c_20260903\online\homogeneous-low\canonical\TSCv1.E1.homogeneous.n20.low.random.FQ79.c24e22ba\run_config.json,1.79670017048464,,0.2992063492063492,28.23968253968254,1.0,,,,333.7559322033898,445.0,462.0,low,,,,,,random,,0.11945212512313089,0.5258945331634318,baseline,,,,,40.038418297295095,,True,0.0004919459769563352,1367.3540596094554,5858,,TSCv1.E1.homogeneous.n20.low.random.FQ79.c24e22ba,110.71031746031746,Q79,,G1_Q61_Q80,0.295,homogeneous,,,,40.52962923765899,0.8914632252207747,1.5831751700815138,0.21562245212965184,0.41612347042014647
322,574,,,,0.5004897159647405,511,32.30656219392752,515,1021,515,0.2654639175257732,C:\Users\99349\Desktop\serverless_sim_game_revision\runs\tscv1_g1_formal_q61_q80_98f822c_20260903\online\homogeneous-low\canonical\TSCv1.E1.homogeneous.n20.low.random.FQ80.f9382e15\run_config.json,0.8974911587909588,,0.3604309500489716,14.667972575905974,0.9937888198757764,,,,206.50485436893203,286.0,301.0,low,,,,,,random,,0.07079564711716474,0.4596600056218844,baseline,,,,,30.559944917100648,,True,0.0027787327829192766,628.7113402061856,2955,,TSCv1.E1.homogeneous.n20.low.random.FQ80.f9382e15,58.536728697355535,Q80,,G1_Q61_Q80,0.515,homogeneous,,,,30.90138837103229,0.905852175119758,1.4613102023402158,0.01679548107814498,0.23081011213492017
984,3952,,,,0.12740322994104075,497,15.026916175339656,1862,3901,1862,0.9831045406546991,C:\Users\99349\Desktop\serverless_sim_game_revision\runs\tscv1_g1_formal_q61_q80_98f822c_20260903\online\homogeneous-low\canonical\TSCv1.E1.homogeneous.n20.low.sche_FaaSRank.FQ61.eed893e2\run_config.json,0.29702844015381646,,0.03793899000256345,6.9254037426300945,0.0,,,,44.034908700322234,244.0,267.0,low,,,,,,sche_FaaSRank,,0.3260518537363211,0.5427224481548817,baseline,,,,,35.824240599084,,True,0.14235887321843468,32.7286166842661,113,,TSCv1.E1.homogeneous.n20.low.sche_FaaSRank.FQ61.eed893e2,1.007433991284286,Q61,,G1_Q61_Q80,1.862,homogeneous,,,,35.50549862934993,1.056151922509406,1.015436608917438,0.0926968723390372,0.3707235519121955
968,5628,,,,0.209171826625387,1081,25.827592879256965,1614,5168,1614,0.8608,C:\Users\99349\Desktop\serverless_sim_game_revision\runs\tscv1_g1_formal_q61_q80_98f822c_20260903\online\homogeneous-low\canonical\TSCv1.E1.homogeneous.n20.low.sche_FaaSRank.FQ62.20df2a9b\run_config.json,0.3329145958580197,,0.030572755417956655,16.956075851393187,0.0,,,,114.69764560099132,443.0,519.0,low,,,,,,sche_FaaSRank,,0.30372560764192646,0.5276624574327082,baseline,,,,,36.914238219745805,,True,0.042268437209739926,168.25333333333333,659,,TSCv1.E1.homogeneous.n20.low.sche_FaaSRank.FQ62.20df2a9b,1.0017414860681115,Q62,,G1_Q61_Q80,1.614,homogeneous,,,,36.92830586077562,0.9133777196063013,1.0656414491884998,0.29003825588562204,0.42823442705531617
981,4993,,,,0.17212931995540692,772,22.23835005574136,1764,4485,1764,0.9158878504672897,C:\Users\99349\Desktop\serverless_sim_game_revision\runs\tscv1_g1_formal_q61_q80_98f822c_20260903\online\homogeneous-low\canonical\TSCv1.E1.homogeneous.n20.low.sche_FaaSRank.FQ63.32bc4b1d\run_config.json,0.2999383489561189,,0.04080267558528428,20.63678929765886,0.0,,,,108.34467120181407,377.0,504.0,low,,,,,,sche_FaaSRank,,0.2672375690893334,0.5205312151276523,baseline,,,,,34.956316377031236,,True,0.05428239841974727,189.24402907580478,846,,TSCv1.E1.homogeneous.n20.low.sche_FaaSRank.FQ63.32bc4b1d,1.0071348940914158,Q63,,G1_Q61_Q80,1.764,homogeneous,,,,35.80562475270555,0.8292873771508662,1.3159717703042277,0.7237798181628622,0.36115574623644053
960,4528,,,,0.28798842257597684,995,34.88712011577424,1497,3455,1497,0.7712519319938176,C:\Users\99349\Desktop\serverless_sim_game_revision\runs\tscv1_g1_formal_q61_q80_98f822c_20260903\online\homogeneous-low\canonical\TSCv1.E1.homogeneous.n20.low.sche_FaaSRank.FQ64.d8f8b74f\run_config.json,0.35529094484542,,0.09377713458755427,46.609551374819105,0.0,,,,182.48229792919173,569.0,792.0,low,,,,,,sche_FaaSRank,,0.20729831154537573,0.5251239280482487,baseline,,,,,34.05943644847129,,True,0.023089627159630158,196.28748068006183,659,,TSCv1.E1.homogeneous.n20.low.sche_FaaSRank.FQ64.d8f8b74f,1.031548480463097,Q64,,G1_Q61_Q80,1.497,homogeneous,,,,36.14857273767357,0.8691767545074698,1.3951568438181186,1.9080339888729445,0.3448773751087987
988,6967,,,,0.18169858207864348,1243,17.00380061394533,1927,6841,1927,0.9678553490708187,C:\Users\99349\Desktop\serverless_sim_game_revision\runs\tscv1_g1_formal_q61_q80_98f822c_20260903\online\homogeneous-low\canonical\TSCv1.E1.homogeneous.n20.low.sche_FaaSRank.FQ65.c607c577\run_config.json,0.3178686232039764,,0.014179213565268236,26.352141499780736,0.0,,,,94.05760249091853,454.0,540.0,low,,,,,,sche_FaaSRank,,0.3157910590227393,0.6024149661153873,baseline,,,,,38.34573650045273,,True,0.06445255666152391,154.21848317428427,625,,TSCv1.E1.homogeneous.n20.low.sche_FaaSRank.FQ65.c607c577,1.0020464844321006,Q65,,G1_Q61_Q80,1.927,homogeneous,,,,38.83417691920261,0.8617295497832963,1.2466910236344133,0.538743986132045,0.4352651951695269
983,6235,,,,0.05765665554319614,311,3.875417130144605,1754,5394,1754,0.9069286452947259,C:\Users\99349\Desktop\serverless_sim_game_revision\runs\tscv1_g1_formal_q61_q80_98f822c_20260903\online\homogeneous-low\canonical\TSCv1.E1.homogeneous.n20.low.sche_FaaSRank.FQ66.8edbe955\run_config.json,0.4011581577488063,,0.02335928809788654,6.477938450129773,0.0,,,,29.988027366020525,170.0,332.0,low,,,,,,sche_FaaSRank,,0.48164448524941933,0.6884453608092757,baseline,,,,,37.49708711460484,,True,0.1458028664903562,207.2936918304033,631,,TSCv1.E1.homogeneous.n20.low.sche_FaaSRank.FQ66.8edbe955,1.0012977382276604,Q66,,G1_Q61_Q80,1.754,homogeneous,,,,38.469080824802276,0.7808289444687946,1.2957198164419068,0.8436741522500634,0.38657144490919215
981,4670,,,,0.15187676285528315,700,15.007810804946843,1863,4609,1863,0.9784663865546218,C:\Users\99349\Desktop\serverless_sim_game_revision\runs\tscv1_g1_formal_q61_q80_98f822c_20260903\online\homogeneous-low\canonical\TSCv1.E1.homogeneous.n20.low.sche_FaaSRank.FQ67.e58cc4b8\run_config.json,0.3353646934128422,,0.0288565849425038,25.21414623562595,0.0,,,,92.55340848094471,348.0,469.0,low,,,,,,sche_FaaSRank,,0.3913022770902368,0.6124100793883629,baseline,,,,,38.11005860927018,,True,0.06002098229248337,146.1738445378151,523,,TSCv1.E1.homogeneous.n20.low.sche_FaaSRank.FQ67.e58cc4b8,1.0023866348448687,Q67,,G1_Q61_Q80,1.863,homogeneous,,,,38.884284782001245,0.9135106806166677,1.430516252119485,0.6295738851759239,0.3723527863557895
981,5104,,,,0.12262563116133686,510,15.243808607838423,1676,4159,1676,0.8612538540596094,C:\Users\99349\Desktop\serverless_sim_game_revision\runs\tscv1_g1_formal_q61_q80_98f822c_20260903\online\homogeneous-low\canonical\TSCv1.E1.homogeneous.n20.low.sche_FaaSRank.FQ68.bac3353a\run_config.json,0.3597354570265886,,0.001442654484251022,32.50781437845636,0.0,,,,106.84427207637232,430.0,500.0,low,,,,,,sche_FaaSRank,,0.3558729851522169,0.5916215799727892,baseline,,,,,35.68341209111169,,True,0.04360532461578687,195.37461459403906,719,,TSCv1.E1.homogeneous.n20.low.sche_FaaSRank.FQ68.bac3353a,1.0026448665544603,Q68,,G1_Q61_Q80,1.676,homogeneous,,,,37.007628973748616,0.7524719269432384,1.6276732080712402,0.7876739239358113,0.3386584158029209
985,6154,,,,0.19121048573631458,992,27.527178103315343,1593,5188,1593,0.8331589958158996,C:\Users\99349\Desktop\serverless_sim_game_revision\runs\tscv1_g1_formal_q61_q80_98f822c_20260903\online\homogeneous-low\canonical\TSCv1.E1.homogeneous.n20.low.sche_FaaSRank.FQ69.02257141\run_config.json,0.3635666937627511,,0.0900154202004626,31.112181958365458,0.0,,,,192.59196484620213,641.0,853.0,low,,,,,,sche_FaaSRank,,0.3869187911507161,0.5669832945563943,baseline,,,,,38.38903864537271,,True,0.02275063490659231,507.98744769874475,1362,,TSCv1.E1.homogeneous.n20.low.sche_FaaSRank.FQ69.02257141,1.0302621434078643,Q69,,G1_Q61_Q80,1.593,homogeneous,,,,39.66075570884757,0.7418250321765631,1.575610209846016,0.8187662726053275,0.38083448819150234
984,7881,,,,0.14859197124026363,248,13.875374475733972,1029,1669,1029,0.5351014040561622,C:\Users\99349\Desktop\serverless_sim_game_revision\runs\tscv1_g1_formal_q61_q80_98f822c_20260903\online\homogeneous-low\canonical\TSCv1.E1.homogeneous.n20.low.sche_FaaSRank.FQ70.11ce3ee2\run_config.json,0.768076608433552,,0.02156980227681246,12.393648891551827,0.0,,,,34.94071914480078,225.0,300.0,low,,,,,,sche_FaaSRank,,0.2970319350011147,0.7805553122633977,baseline,,,,,41.060676169204854,,True,0.038342373767635184,2356.9490379615186,8843,,TSCv1.E1.homogeneous.n20.low.sche_FaaSRank.FQ70.11ce3ee2,1.0065907729179149,Q70,,G1_Q61_Q80,1.029,homogeneous,,,,43.375318953053416,0.7321968647281374,1.9060479802780383,1.5264525919785854,0.3856603677083568
973,6880,,,,0.08021534320323015,298,7.589232839838493,1252,3715,1252,0.6537859007832898,C:\Users\99349\Desktop\serverless_sim_game_revision\runs\tscv1_g1_formal_q61_q80_98f822c_20260903\online\homogeneous-low\canonical\TSCv1.E1.homogeneous.n20.low.sche_FaaSRank.FQ71.e24cb7cf\run_config.json,0.5673589736889726,,0.0024226110363391655,3.5790040376850607,0.0,,,,27.00638977635783,144.0,242.0,low,,,,,,sche_FaaSRank,,0.3528418678889588,0.6990040183791207,baseline,,,,,40.95123908796976,,True,0.08171087649940745,873.3180156657963,3151,,TSCv1.E1.homogeneous.n20.low.sche_FaaSRank.FQ71.e24cb7cf,1.0029609690444146,Q71,,G1_Q61_Q80,1.252,homogeneous,,,,42.320905618334926,0.8540846623274563,1.4588017133606035,1.1863527451836786,0.42140301726975066
974,5681,,,,0.19345711759504863,1094,22.99664014146773,1902,5655,1902,0.9875389408099688,C:\Users\99349\Desktop\serverless_sim_game_revision\runs\tscv1_g1_formal_q61_q80_98f822c_20260903\online\homogeneous-low\canonical\TSCv1.E1.homogeneous.n20.low.sche_FaaSRank.FQ72.06325094\run_config.json,0.2615803458838558,,0.08152077807250221,12.457824933687002,0.0,,,,83.698738170347,439.0,560.0,low,,,,,,sche_FaaSRank,,0.2655079977725967,0.4890577628834949,baseline,,,,,34.64566578551972,,True,0.08687333463060484,159.52596053997922,747,,TSCv1.E1.homogeneous.n20.low.sche_FaaSRank.FQ72.06325094,1.0022988505747126,Q72,,G1_Q61_Q80,1.902,homogeneous,,,,34.84015483483528,0.878104800532515,1.0045865730036105,0.48751420137167367,0.41950702271166035
952,4352,,,,0.17947395564724083,696,20.034038164002062,1465,3878,1465,0.7642149191444966,C:\Users\99349\Desktop\serverless_sim_game_revision\runs\tscv1_g1_formal_q61_q80_98f822c_20260903\online\homogeneous-low\canonical\TSCv1.E1.homogeneous.n20.low.sche_FaaSRank.FQ73.415a6cb9\run_config.json,0.347299850515945,,0.005157297576070139,8.679473955647241,0.0,,,,49.57679180887372,244.0,478.0,low,,,,,,sche_FaaSRank,,0.22697004821528505,0.5014690402651685,baseline,,,,,35.940629454439176,,True,0.08508531457076739,154.10850286906626,519,,TSCv1.E1.homogeneous.n20.low.sche_FaaSRank.FQ73.415a6cb9,1.002578648788035,Q73,,G1_Q61_Q80,1.465,homogeneous,,,,35.59960940107703,1.0124167191071833,0.9975355894250029,0.09833560246838982,0.4244745328905992
984,5638,,,,0.1353656323716204,746,16.61839956450735,1835,5511,1835,0.9714134462678666,C:\Users\99349\Desktop\serverless_sim_game_revision\runs\tscv1_g1_formal_q61_q80_98f822c_20260903\online\homogeneous-low\canonical\TSCv1.E1.homogeneous.n20.low.sche_FaaSRank.FQ74.86c54ffc\run_config.json,0.33534660651183584,,0.03338776991471602,22.75213209943749,0.0,,,,79.15258855585832,416.0,485.0,low,,,,,,sche_FaaSRank,,0.34534194730465695,0.6043814638279114,baseline,,,,,37.68894183343926,,True,0.06913166716174655,134.6844891476972,565,,TSCv1.E1.homogeneous.n20.low.sche_FaaSRank.FQ74.86c54ffc,1.0018145527127562,Q74,,G1_Q61_Q80,1.835,homogeneous,,,,38.03197129612571,0.8788829385948841,1.2811151782368548,0.340994982407985,0.40019744935400225
985,11165,,,,0.2825278810408922,76,23.3271375464684,219,269,219,0.11364815775817333,C:\Users\99349\Desktop\serverless_sim_game_revision\runs\tscv1_g1_formal_q61_q80_98f822c_20260903\online\homogeneous-low\canonical\TSCv1.E1.homogeneous.n20.low.sche_FaaSRank.FQ75.4f23f04e\run_config.json,3.7192513801191494,,0.0,31.20817843866171,0.0,,,,66.82191780821918,219.0,220.0,low,,,,,,sche_FaaSRank,,0.4734841434308559,0.7994637851479772,baseline,,,,,38.88122066099762,,True,0.0008811901747745654,2329.993253762325,8829,,TSCv1.E1.homogeneous.n20.low.sche_FaaSRank.FQ75.4f23f04e,1.0148698884758365,Q75,,G1_Q61_Q80,0.219,homogeneous,,,,43.29118046143425,0.5411618629256092,2.258519425533088,3.08428254637999,0.39168038164293395
967,3579,,,,0.2923076923076923,1045,37.995524475524476,1935,3575,1935,0.9963954685890835,C:\Users\99349\Desktop\serverless_sim_game_revision\runs\tscv1_g1_formal_q61_q80_98f822c_20260903\online\homogeneous-low\canonical\TSCv1.E1.homogeneous.n20.low.sche_FaaSRank.FQ76.f26e4cc2\run_config.json,0.21834827196382428,,0.07132867132867132,18.646153846153847,0.0,,,,100.0201550387597,342.0,377.0,low,,,,,,sche_FaaSRank,,0.19596102974147397,0.41621501032598396,baseline,,,,,34.10197758494758,,True,0.08860203294438418,22.12409886714727,118,,TSCv1.E1.homogeneous.n20.low.sche_FaaSRank.FQ76.f26e4cc2,1.1818181818181819,Q76,,G1_Q61_Q80,1.935,homogeneous,,,,33.595602618012556,1.0790547543845719,0.8702424459365468,0.06695521929433773,0.36451787145386266
981,5758,,,,0.09568781183178902,537,10.832501781895937,1884,5612,1884,0.9671457905544147,C:\Users\99349\Desktop\serverless_sim_game_revision\runs\tscv1_g1_formal_q61_q80_98f822c_20260903\online\homogeneous-low\canonical\TSCv1.E1.homogeneous.n20.low.sche_FaaSRank.FQ77.468f9887\run_config.json,0.34258401469819866,,0.003920171062009979,11.12384176764077,0.0,,,,63.010615711252655,303.0,475.0,low,,,,,,sche_FaaSRank,,0.30810888801254593,0.6355021834299518,baseline,,,,,36.36050093890313,,True,0.0872770544399112,132.86909650924025,664,,TSCv1.E1.homogeneous.n20.low.sche_FaaSRank.FQ77.468f9887,1.0017818959372773,Q77,,G1_Q61_Q80,1.884,homogeneous,,,,36.84921714521688,0.8434532555949154,1.172974259127093,0.5421987333842535,0.3830039746678923
968,3642,,,,0.22019395322304622,772,21.955790074158585,1817,3506,1817,0.9498170412963931,C:\Users\99349\Desktop\serverless_sim_game_revision\runs\tscv1_g1_formal_q61_q80_98f822c_20260903\online\homogeneous-low\canonical\TSCv1.E1.homogeneous.n20.low.sche_FaaSRank.FQ78.bdc0869a\run_config.json,0.28975605689108075,,0.02139189960068454,30.613519680547633,0.0,,,,100.52118877270226,313.0,425.0,low,,,,,,sche_FaaSRank,,0.3266784477405381,0.5161565432071304,baseline,,,,,34.612313657589894,,True,0.06238278916630433,92.50078410872975,429,,TSCv1.E1.homogeneous.n20.low.sche_FaaSRank.FQ78.bdc0869a,1.0250998288648032,Q78,,G1_Q61_Q80,1.817,homogeneous,,,,34.790849038888176,1.0296386010322938,1.1687962393686053,0.3681899868483762,0.32881226445426004
972,7122,,,,0.17941952506596306,952,18.836034677723333,1262,5306,1262,0.6485097636176773,C:\Users\99349\Desktop\serverless_sim_game_revision\runs\tscv1_g1_formal_q61_q80_98f822c_20260903\online\homogeneous-low\canonical\TSCv1.E1.homogeneous.n20.low.sche_FaaSRank.FQ79.5e34aefb\run_config.json,0.5656037005682943,,0.008669430833019224,32.95382585751979,0.0,,,,138.58478605388274,454.0,522.0,low,,,,,,sche_FaaSRank,,0.4839924986433096,0.6985342574052275,baseline,,,,,40.08248353064713,,True,0.01610021060228614,317.5426515930113,803,,TSCv1.E1.homogeneous.n20.low.sche_FaaSRank.FQ79.5e34aefb,1.0032039200904637,Q79,,G1_Q61_Q80,1.262,homogeneous,,,,41.31093534248929,0.8576946645531551,1.4341950078830394,1.0845225612054679,0.43257096177764703
979,3868,,,,0.19818285065303803,698,18.779670641680863,1812,3522,1812,0.934020618556701,C:\Users\99349\Desktop\serverless_sim_game_revision\runs\tscv1_g1_formal_q61_q80_98f822c_20260903\online\homogeneous-low\canonical\TSCv1.E1.homogeneous.n20.low.sche_FaaSRank.FQ80.58496157\run_config.json,0.34193009467051255,,0.07240204429301533,22.245315161839862,0.0,,,,80.57450331125828,300.0,406.0,low,,,,,,sche_FaaSRank,,0.25221338998005,0.6113493429105182,baseline,,,,,34.69749063025339,,True,0.0657693015441382,63.79896907216495,211,,TSCv1.E1.homogeneous.n20.low.sche_FaaSRank.FQ80.58496157,1.0022714366837024,Q80,,G1_Q61_Q80,1.812,homogeneous,,,,34.89660039830726,0.9570306085648195,1.326428012030571,0.15611854113971635,0.3264059597797761
918,2021,,,,0.12878595062356835,506,13.964876558920844,1864,3929,1864,0.9841605068637803,C:\Users\99349\Desktop\serverless_sim_game_revision\runs\tscv1_g1_formal_q61_q80_98f822c_20260903\online\homogeneous-low\canonical\TSCv1.E1.homogeneous.n20.low.sche_Hiku.FQ61.f4f5284b\run_config.json,0.3151718270625168,,0.4232629167727157,7.460931534741665,0.0,,,,42.122317596566525,233.0,263.0,low,,,,,,sche_Hiku,,0.32583954580474095,0.5771167572808478,baseline,,,,,31.449861140961342,,True,0.14040619183010758,18.215417106652588,87,,TSCv1.E1.homogeneous.n20.low.sche_Hiku.FQ61.f4f5284b,0.5136166963603971,Q61,,G1_Q61_Q80,1.864,homogeneous,,,,31.82021907106123,0.8541757237435287,1.3245153818196558,0.14202572539345515,0.24200764137704087
908,3013,,,,0.15220483641536273,856,11.793563300142248,1809,5624,1809,0.9648,C:\Users\99349\Desktop\serverless_sim_game_revision\runs\tscv1_g1_formal_q61_q80_98f822c_20260903\online\homogeneous-low\canonical\TSCv1.E1.homogeneous.n20.low.sche_Hiku.FQ62.d10acc44\run_config.json,0.28708133729140756,,0.3874466571834993,44.91376244665718,0.0,,,,151.23604201216142,675.0,722.0,low,,,,,,sche_Hiku,,0.3231771067467852,0.5091062470939279,baseline,,,,,36.2222427415009,,True,0.04166566361638012,12.3312,56,,TSCv1.E1.homogeneous.n20.low.sche_Hiku.FQ62.d10acc44,0.5256045519203414,Q62,,G1_Q61_Q80,1.809,homogeneous,,,,37.5520676651786,0.6243360031852384,1.918209448629861,0.3440504729527692,0.3080990931004968
935,2138,,,,0.08796025715955581,301,9.248100526008182,1413,3422,1413,0.7336448598130841,C:\Users\99349\Desktop\serverless_sim_game_revision\runs\tscv1_g1_formal_q61_q80_98f822c_20260903\online\homogeneous-low\canonical\TSCv1.E1.homogeneous.n20.low.sche_Hiku.FQ63.b517a431\run_config.json,0.38490536224732397,,0.47603740502630043,33.96843950905903,0.0,,,,103.13729653220099,347.0,388.0,low,,,,,,sche_Hiku,,0.24261255300549242,0.5360322671139731,baseline,,,,,29.35007956409365,,True,0.035593644380910394,9.474039460020768,50,,TSCv1.E1.homogeneous.n20.low.sche_Hiku.FQ63.b517a431,0.4663939216832262,Q63,,G1_Q61_Q80,1.413,homogeneous,,,,30.670518260452656,0.5572559646554239,1.9148431689634404,0.18440070465011948,0.22154940413859986
939,2857,,,,0.1692205196535643,508,11.930046635576282,1492,3002,1492,0.7686759402369913,C:\Users\99349\Desktop\serverless_sim_game_revision\runs\tscv1_g1_formal_q61_q80_98f822c_20260903\online\homogeneous-low\canonical\TSCv1.E1.homogeneous.n20.low.sche_Hiku.FQ64.d9c01003\run_config.json,0.33806497609647285,,0.1872085276482345,59.09493670886076,0.0,,,,140.71782841823057,538.0,558.0,low,,,,,,sche_Hiku,,0.19920994524014135,0.49790073924730455,baseline,,,,,32.47625961343767,,True,0.031363138725692526,8.007212776919113,37,,TSCv1.E1.homogeneous.n20.low.sche_Hiku.FQ64.d9c01003,1.0742838107928048,Q64,,G1_Q61_Q80,1.492,homogeneous,,,,33.8857398268473,0.5717902207505225,1.9481707038393712,0.28090283231360536,0.2478031134809862
938,4640,,,,0.13295792272798374,850,10.47849210073518,1875,6393,1875,0.9417378201908588,C:\Users\99349\Desktop\serverless_sim_game_revision\runs\tscv1_g1_formal_q61_q80_98f822c_20260903\online\homogeneous-low\canonical\TSCv1.E1.homogeneous.n20.low.sche_Hiku.FQ65.9431a825\run_config.json,0.32796826171875,,0.2856249022368215,29.4464257781949,0.0,,,,88.5568,477.0,967.0,low,,,,,,sche_Hiku,,0.3180156579984691,0.6047587200994237,baseline,,,,,37.5864195258453,,True,0.06455762415323392,24.61928679055751,120,,TSCv1.E1.homogeneous.n20.low.sche_Hiku.FQ65.9431a825,0.6801188800250274,Q65,,G1_Q61_Q80,1.875,homogeneous,,,,38.826412041433926,0.6907038506830978,1.5111749605243576,0.7903714525738152,0.3708501292328382
909,2001,,,,0.07756463719766472,465,2.5966638865721436,1854,5995,1854,0.9586349534643226,C:\Users\99349\Desktop\serverless_sim_game_revision\runs\tscv1_g1_formal_q61_q80_98f822c_20260903\online\homogeneous-low\canonical\TSCv1.E1.homogeneous.n20.low.sche_Hiku.FQ66.b75526d8\run_config.json,0.38370689219255666,,0.622185154295246,16.698415346121767,0.0,,,,57.55771305285868,328.0,677.0,low,,,,,,sche_Hiku,,0.5007430687782711,0.6956295601438239,baseline,,,,,28.383065918098385,,True,0.0839472743847313,17.526370217166495,74,,TSCv1.E1.homogeneous.n20.low.sche_Hiku.FQ66.b75526d8,0.3184320266889074,Q66,,G1_Q61_Q80,1.854,homogeneous,,,,30.087772715395538,0.4369910333690972,2.1280758136930853,0.18540857749423761,0.17178640892540198
926,2539,,,,0.13842533162173726,647,9.739195549850235,1875,4674,1875,0.9847689075630253,C:\Users\99349\Desktop\serverless_sim_game_revision\runs\tscv1_g1_formal_q61_q80_98f822c_20260903\online\homogeneous-low\canonical\TSCv1.E1.homogeneous.n20.low.sche_Hiku.FQ67.c3f9d89a\run_config.json,0.3437880208333333,,0.38682071031236626,38.224646983311935,0.0,,,,107.43306666666666,540.0,891.0,low,,,,,,sche_Hiku,,0.397750207653296,0.6320170667052215,baseline,,,,,34.38002383084502,,True,0.05076595488430217,35.30882352941177,154,,TSCv1.E1.homogeneous.n20.low.sche_Hiku.FQ67.c3f9d89a,0.538938810440736,Q67,,G1_Q61_Q80,1.875,homogeneous,,,,36.07111961271595,0.6167454068446524,2.1258512540049512,0.43346285359444653,0.25147302707568453
926,2793,,,,0.17411691153485465,557,14.66927164738981,1448,3199,1448,0.7440904419321686,C:\Users\99349\Desktop\serverless_sim_game_revision\runs\tscv1_g1_formal_q61_q80_98f822c_20260903\online\homogeneous-low\canonical\TSCv1.E1.homogeneous.n20.low.sche_Hiku.FQ68.9282fd01\run_config.json,0.4238865046211369,,0.355423569865583,39.25320412628947,0.0,,,,112.396408839779,557.0,738.0,low,,,,,,sche_Hiku,,0.30414951707353644,0.6040079702853549,baseline,,,,,32.46754801115424,,True,0.030392507772436222,11.51027749229188,56,,TSCv1.E1.homogeneous.n20.low.sche_Hiku.FQ68.9282fd01,0.5373554235698655,Q68,,G1_Q61_Q80,1.448,homogeneous,,,,34.13132870295463,0.5316066334504738,2.2187259399118364,0.21909297307279005,0.24243168019070405
946,2431,,,,0.19731489015459724,970,15.849674532139952,1417,4916,1417,0.7411087866108786,C:\Users\99349\Desktop\serverless_sim_game_revision\runs\tscv1_g1_formal_q61_q80_98f822c_20260903\online\homogeneous-low\canonical\TSCv1.E1.homogeneous.n20.low.sche_Hiku.FQ69.f5058fa7\run_config.json,0.4215900256924841,,0.5632628152969894,35.18856794141578,0.0,,,,179.04657727593508,675.0,737.0,low,,,,,,sche_Hiku,,0.419416679564616,0.5842140296397657,baseline,,,,,33.39307772559131,,True,0.018772127683450344,17.769351464435147,72,,TSCv1.E1.homogeneous.n20.low.sche_Hiku.FQ69.f5058fa7,0.3207892595606184,Q69,,G1_Q61_Q80,1.417,homogeneous,,,,34.85000332448278,0.547477333917938,2.149853759810347,0.11313632604444238,0.2585868688399092
930,6183,,,,0.17245438493231313,293,11.947616244849911,1036,1699,1036,0.5387415496619865,C:\Users\99349\Desktop\serverless_sim_game_revision\runs\tscv1_g1_formal_q61_q80_98f822c_20260903\online\homogeneous-low\canonical\TSCv1.E1.homogeneous.n20.low.sche_Hiku.FQ70.23e87267\run_config.json,0.7708549941368545,,0.19952913478516773,22.717480871100648,0.0,,,,50.58783783783784,283.0,374.0,low,,,,,,sche_Hiku,,0.32245989581580675,0.7880366347520008,baseline,,,,,40.146869015311914,,True,0.02656690405102672,79.90951638065522,303,,TSCv1.E1.homogeneous.n20.low.sche_Hiku.FQ70.23e87267,0.7516185991759858,Q70,,G1_Q61_Q80,1.036,homogeneous,,,,42.37005389903175,0.5545316905772073,2.2322450354032566,0.8916615324714569,0.34619001561955653
923,5030,,,,0.08274565115185707,352,6.597320169252468,1329,4254,1329,0.6939947780678851,C:\Users\99349\Desktop\serverless_sim_game_revision\runs\tscv1_g1_formal_q61_q80_98f822c_20260903\online\homogeneous-low\canonical\TSCv1.E1.homogeneous.n20.low.sche_Hiku.FQ71.65f37af1\run_config.json,0.5560241653293124,,0.3168782322519981,6.220733427362482,0.0,,,,34.8653122648608,189.0,257.0,low,,,,,,sche_Hiku,,0.3930816362929086,0.726397918743937,baseline,,,,,39.2985413310542,,True,0.06855478211377324,21.95509138381201,94,,TSCv1.E1.homogeneous.n20.low.sche_Hiku.FQ71.65f37af1,0.6415138692994828,Q71,,G1_Q61_Q80,1.329,homogeneous,,,,41.80708815003958,0.5636363492912019,2.2582113956954797,1.139216146877343,0.3252444410181899
909,2631,,,,0.16055692633063096,911,12.047937962636588,1909,5674,1909,0.9911734164070612,C:\Users\99349\Desktop\serverless_sim_game_revision\runs\tscv1_g1_formal_q61_q80_98f822c_20260903\online\homogeneous-low\canonical\TSCv1.E1.homogeneous.n20.low.sche_Hiku.FQ72.739d43ec\run_config.json,0.271280103856322,,0.46580895311949244,18.5343672893902,0.0,,,,72.24096385542168,436.0,538.0,low,,,,,,sche_Hiku,,0.2664304365049482,0.509341990585112,baseline,,,,,27.590617545427637,,True,0.09741020415634992,15.181723779854622,81,,TSCv1.E1.homogeneous.n20.low.sche_Hiku.FQ72.739d43ec,0.46422277053225236,Q72,,G1_Q61_Q80,1.909,homogeneous,,,,27.86513923121604,0.7103148765351548,1.1261380014538267,0.15023819383917675,0.2915392724428282
907,3520,,,,0.14173228346456693,558,15.068326136652272,1485,3937,1485,0.7746478873239436,C:\Users\99349\Desktop\serverless_sim_game_revision\runs\tscv1_g1_formal_q61_q80_98f822c_20260903\online\homogeneous-low\canonical\TSCv1.E1.homogeneous.n20.low.sche_Hiku.FQ73.e9250644\run_config.json,0.31897831669560184,,0.1524003048006096,19.580645161290324,0.0,,,,65.67946127946128,386.0,893.0,low,,,,,,sche_Hiku,,0.24201834428655988,0.4659483942613886,baseline,,,,,33.69510001756928,,True,0.07088195867385604,15.970266040688577,78,,TSCv1.E1.homogeneous.n20.low.sche_Hiku.FQ73.e9250644,0.7858775717551435,Q73,,G1_Q61_Q80,1.485,homogeneous,,,,34.412410396066576,0.8099616817928935,1.3563925173472275,0.5153929679908535,0.34451327195221726
931,3112,,,,0.12077151335311573,407,13.648367952522255,1305,3370,1305,0.6908417151932239,C:\Users\99349\Desktop\serverless_sim_game_revision\runs\tscv1_g1_formal_q61_q80_98f822c_20260903\online\homogeneous-low\canonical\TSCv1.E1.homogeneous.n20.low.sche_Hiku.FQ74.0973c679\run_config.json,0.40349916187739465,,0.4008902077151335,8.402373887240357,0.0,,,,44.550191570881225,277.0,301.0,low,,,,,,sche_Hiku,,0.29981480608166955,0.5170015295489463,baseline,,,,,34.89148060092583,,True,0.0725969372370312,18.09793541556379,74,,TSCv1.E1.homogeneous.n20.low.sche_Hiku.FQ74.0973c679,0.5391691394658754,Q74,,G1_Q61_Q80,1.305,homogeneous,,,,36.729093776570494,0.6067268626230522,2.2311289537994905,0.4916719517079218,0.2784608293295979
911,8572,,,,0.2825278810408922,76,23.53159851301115,219,269,219,0.11364815775817333,C:\Users\99349\Desktop\serverless_sim_game_revision\runs\tscv1_g1_formal_q61_q80_98f822c_20260903\online\homogeneous-low\canonical\TSCv1.E1.homogeneous.n20.low.sche_Hiku.FQ75.63f623a0\run_config.json,3.6185634386593892,,0.0,32.026022304832715,0.0,,,,67.57534246575342,219.0,220.0,low,,,,,,sche_Hiku,,0.47507698538491777,0.7774102514794277,baseline,,,,,39.501894303365006,,True,0.0008956115148589668,42.461338868707834,175,,TSCv1.E1.homogeneous.n20.low.sche_Hiku.FQ75.63f623a0,1.0148698884758365,Q75,,G1_Q61_Q80,0.219,homogeneous,,,,44.5678202306006,0.40098939696913544,2.66921805283398,3.1424243678028096,0.3447270702833168
933,2653,,,,0.19775280898876405,704,26.335393258426965,1931,3560,1931,0.994335736354274,C:\Users\99349\Desktop\serverless_sim_game_revision\runs\tscv1_g1_formal_q61_q80_98f822c_20260903\online\homogeneous-low\canonical\TSCv1.E1.homogeneous.n20.low.sche_Hiku.FQ76.ae7b1c60\run_config.json,0.2168217663441465,,0.2258426966292135,36.70168539325843,0.0,,,,113.04453650958052,428.0,456.0,low,,,,,,sche_Hiku,,0.1955985865022121,0.41238271728940695,baseline,,,,,31.815517448902668,,True,0.07878251088529892,4.25231719876416,24,,TSCv1.E1.homogeneous.n20.low.sche_Hiku.FQ76.ae7b1c60,0.7463483146067416,Q76,,G1_Q61_Q80,1.931,homogeneous,,,,32.3418929498689,0.7583279935730838,1.3705868922760924,0.18322601007445777,0.2691095932683449
929,3015,,,,0.12153443766346993,697,11.306538796861377,1915,5735,1915,0.9830595482546202,C:\Users\99349\Desktop\serverless_sim_game_revision\runs\tscv1_g1_formal_q61_q80_98f822c_20260903\online\homogeneous-low\canonical\TSCv1.E1.homogeneous.n20.low.sche_Hiku.FQ77.cf291c2c\run_config.json,0.31678858824249345,,0.43748910200523106,14.298866608544028,0.0,,,,72.50182767624021,315.0,574.0,low,,,,,,sche_Hiku,,0.3130078975037307,0.5966596568982665,baseline,,,,,31.392905986526515,,True,0.08337777377907298,22.717659137577,108,,TSCv1.E1.homogeneous.n20.low.sche_Hiku.FQ77.cf291c2c,0.5196163905841326,Q77,,G1_Q61_Q80,1.915,homogeneous,,,,32.217034849480015,0.6222062513290921,1.4855913426350202,0.24071505249633915,0.2799713018571164
921,2013,,,,0.10695678823168862,349,8.94085197670855,1723,3263,1723,0.9006795608991114,C:\Users\99349\Desktop\serverless_sim_game_revision\runs\tscv1_g1_formal_q61_q80_98f822c_20260903\online\homogeneous-low\canonical\TSCv1.E1.homogeneous.n20.low.sche_Hiku.FQ78.4104a6a5\run_config.json,0.3048200911722831,,0.33251608948820105,52.42047195832056,0.0,,,,115.67092280905398,631.0,766.0,low,,,,,,sche_Hiku,,0.3160272184728273,0.5151714520477024,baseline,,,,,30.408093324065266,,True,0.04886720371155249,6.402509147935181,34,,TSCv1.E1.homogeneous.n20.low.sche_Hiku.FQ78.4104a6a5,0.5865767698437021,Q78,,G1_Q61_Q80,1.723,homogeneous,,,,31.59681814793503,0.6837858639498344,1.9728982079342947,0.10096757362656374,0.2013554133204637
910,5061,,,,0.16643328665733145,832,13.3626725345069,1306,4999,1306,0.671120246659815,C:\Users\99349\Desktop\serverless_sim_game_revision\runs\tscv1_g1_formal_q61_q80_98f822c_20260903\online\homogeneous-low\canonical\TSCv1.E1.homogeneous.n20.low.sche_Hiku.FQ79.15f3c794\run_config.json,0.5591014727699081,,0.3054610922184437,61.5995199039808,0.0,,,,209.22588055130169,774.0,904.0,low,,,,,,sche_Hiku,,0.5008200898883451,0.7144421884024338,baseline,,,,,37.79455672071706,,True,0.011164444943300498,28.33350462487153,122,,TSCv1.E1.homogeneous.n20.low.sche_Hiku.FQ79.15f3c794,0.6469293858771754,Q79,,G1_Q61_Q80,1.306,homogeneous,,,,40.328184038112106,0.5232163727225696,2.3597115332713785,1.0221920299143736,0.32505985291266576
942,2274,,,,0.12168895882507212,464,9.253081563073696,1898,3813,1898,0.9783505154639175,C:\Users\99349\Desktop\serverless_sim_game_revision\runs\tscv1_g1_formal_q61_q80_98f822c_20260903\online\homogeneous-low\canonical\TSCv1.E1.homogeneous.n20.low.sche_Hiku.FQ80.765daac4\run_config.json,0.323486103021684,,0.30972987149226333,21.218725413060582,0.0,,,,62.11801896733404,284.0,322.0,low,,,,,,sche_Hiku,,0.2678404238758361,0.6052983876731504,baseline,,,,,30.200317538403166,,True,0.09445457168261577,10.738659793814433,64,,TSCv1.E1.homogeneous.n20.low.sche_Hiku.FQ80.765daac4,0.5929714135851036,Q80,,G1_Q61_Q80,1.898,homogeneous,,,,31.23923127737188,0.6740417824619881,1.771874481083116,0.154290804057894,0.2132098805241241
919,2033,,,,0.12351029252437704,456,14.234019501625136,1844,3692,1844,0.9736008447729673,C:\Users\99349\Desktop\serverless_sim_game_revision\runs\tscv1_g1_formal_q61_q80_98f822c_20260903\online\homogeneous-low\canonical\TSCv1.E1.homogeneous.n20.low.sche_jiagu.FQ61.50434b48\run_config.json,0.316734297415181,,0.4450162513542795,9.878927410617552,0.0,,,,46.10954446854664,261.0,324.0,low,,,,,,sche_jiagu,,0.31922067227523904,0.5739149915453361,baseline,,,,,32.352139221056305,,True,0.12626267665382596,10.647307286166843,48,,TSCv1.E1.homogeneous.n20.low.sche_jiagu.FQ61.50434b48,0.5414409534127844,Q61,,G1_Q61_Q80,1.844,homogeneous,,,,31.867921895835416,1.152099040243225,0.8970138387790292,0.06696375702226977,0.29609642073372816
909,3032,,,,0.18680892337536373,963,14.351891367604267,1579,5155,1579,0.8421333333333333,C:\Users\99349\Desktop\serverless_sim_game_revision\runs\tscv1_g1_formal_q61_q80_98f822c_20260903\online\homogeneous-low\canonical\TSCv1.E1.homogeneous.n20.low.sche_jiagu.FQ62.9d7259cf\run_config.json,0.3249890530992717,,0.38642095053346265,38.30300678952473,0.0,,,,143.8188727042432,709.0,731.0,low,,,,,,sche_jiagu,,0.3054352538562633,0.5034793838241818,baseline,,,,,36.89717871218055,,True,0.033782945861458885,12.2896,56,,TSCv1.E1.homogeneous.n20.low.sche_jiagu.FQ62.9d7259cf,0.5309408341416101,Q62,,G1_Q61_Q80,1.579,homogeneous,,,,37.49829398547754,0.881838093358178,1.5303364559654196,0.3343023596537892,0.3816855053139708
936,2172,,,,0.16072931276297336,573,12.083029453015428,1427,3565,1427,0.7409138110072689,C:\Users\99349\Desktop\serverless_sim_game_revision\runs\tscv1_g1_formal_q61_q80_98f822c_20260903\online\homogeneous-low\canonical\TSCv1.E1.homogeneous.n20.low.sche_jiagu.FQ63.f5c06c78\run_config.json,0.3804061665097232,,0.45778401122019635,48.26619915848527,0.0,,,,149.45900490539594,578.0,781.0,low,,,,,,sche_jiagu,,0.24866019452336724,0.5348406367143541,baseline,,,,,30.003415106848898,,True,0.025098879777878037,9.474039460020768,50,,TSCv1.E1.homogeneous.n20.low.sche_jiagu.FQ63.f5c06c78,0.44516129032258067,Q63,,G1_Q61_Q80,1.427,homogeneous,,,,30.807699254424094,0.7284734747906406,1.5916070668901527,0.18187705565305703,0.24072642506376377
943,2931,,,,0.2171945701357466,816,12.73542720255523,1651,3757,1651,0.85059247810407,C:\Users\99349\Desktop\serverless_sim_game_revision\runs\tscv1_g1_formal_q61_q80_98f822c_20260903\online\homogeneous-low\canonical\TSCv1.E1.homogeneous.n20.low.sche_jiagu.FQ64.4cfe2f81\run_config.json,0.3166763425812008,,0.24248070268831515,51.14133617247804,0.0,,,,143.35796486977588,546.0,945.0,low,,,,,,sche_jiagu,,0.21689718295048505,0.5157917050722397,baseline,,,,,32.639896936198625,,True,0.036367179970082354,7.98248325605358,37,,TSCv1.E1.homogeneous.n20.low.sche_jiagu.FQ64.4cfe2f81,0.952355602874634,Q64,,G1_Q61_Q80,1.651,homogeneous,,,,33.69396833786172,0.6992538959855237,1.7786718167489155,0.24400061551457336,0.2693470436857244
941,4681,,,,0.18649935093033318,1293,12.794172796769075,1962,6933,1962,0.9854344550477148,C:\Users\99349\Desktop\serverless_sim_game_revision\runs\tscv1_g1_formal_q61_q80_98f822c_20260903\online\homogeneous-low\canonical\TSCv1.E1.homogeneous.n20.low.sche_jiagu.FQ65.7d38efdf\run_config.json,0.31708768481022237,,0.2853021779893264,36.635078609548536,0.0,,,,109.40214067278288,465.0,858.0,low,,,,,,sche_jiagu,,0.31796757342280974,0.61193962590261,baseline,,,,,38.367739445377275,,True,0.05655796933264893,24.61928679055751,120,,TSCv1.E1.homogeneous.n20.low.sche_jiagu.FQ65.7d38efdf,0.6715707485936824,Q65,,G1_Q61_Q80,1.962,homogeneous,,,,38.885608304338916,0.9004235071355119,1.2698337321759188,0.5872800959032638,0.43882163650483763
909,2001,,,,0.09591418204764159,608,2.7425461429247515,1897,6339,1897,0.9808686659772492,C:\Users\99349\Desktop\serverless_sim_game_revision\runs\tscv1_g1_formal_q61_q80_98f822c_20260903\online\homogeneous-low\canonical\TSCv1.E1.homogeneous.n20.low.sche_jiagu.FQ66.8decbbae\run_config.json,0.3687748001573208,,0.6237576904874585,11.529578797917653,0.0,,,,43.42857142857143,255.0,468.0,low,,,,,,sche_jiagu,,0.5107081974726895,0.6835098023552645,baseline,,,,,29.303056971422738,,True,0.11844876882584474,17.526370217166495,74,,TSCv1.E1.homogeneous.n20.low.sche_jiagu.FQ66.8decbbae,0.3079350055213756,Q66,,G1_Q61_Q80,1.897,homogeneous,,,,30.08777274017868,0.7008440668861299,1.5995264809349665,0.11234480082832354,0.2263111252670941
940,2635,,,,0.15669882100750268,731,10.602143622722402,1873,4665,1873,0.9837184873949579,C:\Users\99349\Desktop\serverless_sim_game_revision\runs\tscv1_g1_formal_q61_q80_98f822c_20260903\online\homogeneous-low\canonical\TSCv1.E1.homogeneous.n20.low.sche_jiagu.FQ67.8758e9f6\run_config.json,0.347394479893136,,0.36270096463022505,33.07138263665595,0.0,,,,95.50240256273358,331.0,826.0,low,,,,,,sche_jiagu,,0.39609603912450597,0.6381062156934348,baseline,,,,,35.552792339578296,,True,0.05645476017910433,35.30882352941177,154,,TSCv1.E1.homogeneous.n20.low.sche_jiagu.FQ67.8758e9f6,0.5594855305466238,Q67,,G1_Q61_Q80,1.873,homogeneous,,,,36.053407842067884,0.9535557741783489,1.4434424779899206,0.3277366059766888,0.31700740347437883
922,2748,,,,0.21474654377880184,699,16.77542242703533,1467,3255,1467,0.7538540596094553,C:\Users\99349\Desktop\serverless_sim_game_revision\runs\tscv1_g1_formal_q61_q80_98f822c_20260903\online\homogeneous-low\canonical\TSCv1.E1.homogeneous.n20.low.sche_jiagu.FQ68.778d1e0b\run_config.json,0.4147984167305726,,0.33609831029185866,43.727496159754224,0.0,,,,123.7941376959782,600.0,765.0,low,,,,,,sche_jiagu,,0.3062836562747197,0.598675782281711,baseline,,,,,32.42300518943753,,True,0.028568862233055686,11.51027749229188,56,,TSCv1.E1.homogeneous.n20.low.sche_jiagu.FQ68.778d1e0b,0.538863287250384,Q68,,G1_Q61_Q80,1.467,homogeneous,,,,33.98499027263303,0.6139482940490232,2.033351059693957,0.400149410853523,0.25756722377962943
942,2531,,,,0.2809418394043067,1396,17.42342523646609,1468,4969,1468,0.7677824267782427,C:\Users\99349\Desktop\serverless_sim_game_revision\runs\tscv1_g1_formal_q61_q80_98f822c_20260903\online\homogeneous-low\canonical\TSCv1.E1.homogeneous.n20.low.sche_jiagu.FQ69.f4ff7474\run_config.json,0.40421650650065993,,0.4777621251760918,41.151539545180114,0.0,,,,200.08106267029973,663.0,711.0,low,,,,,,sche_jiagu,,0.4074948109370516,0.5805646208686377,baseline,,,,,34.06230731558677,,True,0.018151228580039966,18.228033472803347,74,,TSCv1.E1.homogeneous.n20.low.sche_jiagu.FQ69.f4ff7474,0.37049708190782854,Q69,,G1_Q61_Q80,1.468,homogeneous,,,,35.14864406638445,0.679845820788584,1.9343835601265937,0.10642159180307238,0.27462231426995437
930,6181,,,,0.14652356509566028,314,9.976201586560896,1141,2143,1141,0.59334373374935,C:\Users\99349\Desktop\serverless_sim_game_revision\runs\tscv1_g1_formal_q61_q80_98f822c_20260903\online\homogeneous-low\canonical\TSCv1.E1.homogeneous.n20.low.sche_jiagu.FQ70.836e6c35\run_config.json,0.6986634959054557,,0.2911805879608026,11.840877274848344,0.0,,,,34.46713409290096,228.0,314.0,low,,,,,,sche_jiagu,,0.3673053888999925,0.7852752750935411,baseline,,,,,40.42415562317877,,True,0.0473818941315593,79.90951638065522,303,,TSCv1.E1.homogeneous.n20.low.sche_jiagu.FQ70.836e6c35,0.6962202519832011,Q70,,G1_Q61_Q80,1.141,homogeneous,,,,42.37068209766165,0.7383475329662446,1.8151074776447353,1.251437359064446,0.3816709774700767
924,5032,,,,0.0869044768972947,363,6.377304285372277,1318,4177,1318,0.6882506527415143,C:\Users\99349\Desktop\serverless_sim_game_revision\runs\tscv1_g1_formal_q61_q80_98f822c_20260903\online\homogeneous-low\canonical\TSCv1.E1.homogeneous.n20.low.sche_jiagu.FQ71.c9dd9f86\run_config.json,0.5510243255198454,,0.3246349054345224,5.520469236293991,0.0,,,,31.077389984825494,144.0,240.0,low,,,,,,sche_jiagu,,0.3854133336184365,0.7139331649381505,baseline,,,,,40.108889563853104,,True,0.0769662099150332,21.95509138381201,94,,TSCv1.E1.homogeneous.n20.low.sche_jiagu.FQ71.c9dd9f86,0.6428058415130476,Q71,,G1_Q61_Q80,1.318,homogeneous,,,,41.80741180941486,0.8637693624422309,1.585669638372851,1.3725247671368674,0.39590260770248875
906,2624,,,,0.17293764352587881,979,12.268327150680092,1903,5661,1903,0.9880581516095535,C:\Users\99349\Desktop\serverless_sim_game_revision\runs\tscv1_g1_formal_q61_q80_98f822c_20260903\online\homogeneous-low\canonical\TSCv1.E1.homogeneous.n20.low.sche_jiagu.FQ72.e5514c1f\run_config.json,0.2927424420323174,,0.46670199611376084,18.40893835011482,0.0,,,,73.1739358906989,374.0,509.0,low,,,,,,sche_jiagu,,0.26581063256976867,0.5485601106462191,baseline,,,,,27.95335652552,,True,0.08883757219179415,16.52492211838006,87,,TSCv1.E1.homogeneous.n20.low.sche_jiagu.FQ72.e5514c1f,0.4633456986398163,Q72,,G1_Q61_Q80,1.903,homogeneous,,,,27.837939649456885,0.8731309632123334,0.9664806343456048,0.11869945754325471,0.32746544742684175
907,3520,,,,0.14183490927676976,555,14.676718630207002,1473,3913,1473,0.7683881064162754,C:\Users\99349\Desktop\serverless_sim_game_revision\runs\tscv1_g1_formal_q61_q80_98f822c_20260903\online\homogeneous-low\canonical\TSCv1.E1.homogeneous.n20.low.sche_jiagu.FQ73.a5e3dd61\run_config.json,0.3336803387074105,,0.15256836187068745,14.181702018911322,0.0,,,,50.548540393754244,366.0,464.0,low,,,,,,sche_jiagu,,0.24049044267106517,0.4838007832432777,baseline,,,,,34.41769651689312,,True,0.08733000991371451,16.210224308815857,79,,TSCv1.E1.homogeneous.n20.low.sche_jiagu.FQ73.a5e3dd61,0.7876309736774854,Q73,,G1_Q61_Q80,1.473,homogeneous,,,,34.412409754232925,1.0040529878214743,1.1461846664547921,0.258246276460969,0.40566445032811976
935,3140,,,,0.18898199322517384,1060,15.8065608842931,1860,5609,1860,0.984647961884595,C:\Users\99349\Desktop\serverless_sim_game_revision\runs\tscv1_g1_formal_q61_q80_98f822c_20260903\online\homogeneous-low\canonical\TSCv1.E1.homogeneous.n20.low.sche_jiagu.FQ74.86cbdf82\run_config.json,0.30622325610089046,,0.36780174719201286,28.069352825815653,0.0,,,,92.01505376344086,397.0,658.0,low,,,,,,sche_jiagu,,0.3479662589760063,0.5585395473264241,baseline,,,,,36.664194307509504,,True,0.06601093585902235,18.09793541556379,74,,TSCv1.E1.homogeneous.n20.low.sche_jiagu.FQ74.86cbdf82,0.5555357461223034,Q74,,G1_Q61_Q80,1.86,homogeneous,,,,36.775550944334384,0.9762611950682417,1.2778456697608256,0.18784660093106662,0.3780743670881174
911,8547,,,,0.2825278810408922,76,23.412639405204462,219,269,219,0.11364815775817333,C:\Users\99349\Desktop\serverless_sim_game_revision\runs\tscv1_g1_formal_q61_q80_98f822c_20260903\online\homogeneous-low\canonical\TSCv1.E1.homogeneous.n20.low.sche_jiagu.FQ75.347e7f35\run_config.json,3.763577395922517,,0.0,30.933085501858734,0.0,,,,66.59360730593608,219.0,220.0,low,,,,,,sche_jiagu,,0.48343291273444516,0.8088741212998509,baseline,,,,,39.86174218758123,,True,0.0008737973485271298,42.461338868707834,175,,TSCv1.E1.homogeneous.n20.low.sche_jiagu.FQ75.347e7f35,1.0148698884758365,Q75,,G1_Q61_Q80,0.219,homogeneous,,,,44.559189420981035,0.5741807838898173,2.294888690861956,3.379591196808562,0.4028519486472999
923,2584,,,,0.19926925238898258,709,25.65851602023609,1930,3558,1930,0.9938208032955715,C:\Users\99349\Desktop\serverless_sim_game_revision\runs\tscv1_g1_formal_q61_q80_98f822c_20260903\online\homogeneous-low\canonical\TSCv1.E1.homogeneous.n20.low.sche_jiagu.FQ76.22ed6e88\run_config.json,0.2175869956535379,,0.24704890387858347,37.064080944350756,0.0,,,,112.47616580310881,428.0,456.0,low,,,,,,sche_jiagu,,0.19543078814496015,0.4136610113397319,baseline,,,,,32.20081291257782,,True,0.0788612887553273,5.70648815653965,31,,TSCv1.E1.homogeneous.n20.low.sche_jiagu.FQ76.22ed6e88,0.7259696458684655,Q76,,G1_Q61_Q80,1.93,homogeneous,,,,32.109319490544934,0.9832220204699289,1.1118073558013875,0.11116841301068249,0.33124748985902996
929,3015,,,,0.13445378151260504,768,11.478466386554622,1910,5712,1910,0.9804928131416838,C:\Users\99349\Desktop\serverless_sim_game_revision\runs\tscv1_g1_formal_q61_q80_98f822c_20260903\online\homogeneous-low\canonical\TSCv1.E1.homogeneous.n20.low.sche_jiagu.FQ77.452857b0\run_config.json,0.32852709705292865,,0.4369747899159664,12.256652661064425,0.0,,,,66.74607329842932,315.0,557.0,low,,,,,,sche_jiagu,,0.3123123913338495,0.6174620926887935,baseline,,,,,32.13528618124587,,True,0.08710366923950628,22.717659137577,108,,TSCv1.E1.homogeneous.n20.low.sche_jiagu.FQ77.452857b0,0.5199579831932774,Q77,,G1_Q61_Q80,1.91,homogeneous,,,,32.217034480030065,0.8615437475232343,1.1004698814839668,0.18280794870472863,0.33998574616007543
921,2013,,,,0.1381951381951382,415,10.56043956043956,1636,3003,1636,0.8552012545739676,C:\Users\99349\Desktop\serverless_sim_game_revision\runs\tscv1_g1_formal_q61_q80_98f822c_20260903\online\homogeneous-low\canonical\TSCv1.E1.homogeneous.n20.low.sche_jiagu.FQ78.2c688aac\run_config.json,0.32701398107999696,,0.32667332667332666,59.905094905094906,0.0,,,,128.59413202933985,650.0,784.0,low,,,,,,sche_jiagu,,0.3026727981522935,0.5253636897916368,baseline,,,,,30.90071720610314,,True,0.03890414069008089,6.379508625196027,34,,TSCv1.E1.homogeneous.n20.low.sche_jiagu.FQ78.2c688aac,0.6007326007326007,Q78,,G1_Q61_Q80,1.636,homogeneous,,,,31.5968181706754,0.8659188221460897,1.6644622420885642,0.12203001029978211,0.22447268890612054
910,5061,,,,0.15962527553269654,869,11.047024246877296,1424,5444,1424,0.7317574511819116,C:\Users\99349\Desktop\serverless_sim_game_revision\runs\tscv1_g1_formal_q61_q80_98f822c_20260903\online\homogeneous-low\canonical\TSCv1.E1.homogeneous.n20.low.sche_jiagu.FQ79.64ab1f30\run_config.json,0.5175639806168802,,0.29922850844966936,43.943791329904485,0.0,,,,138.37851123595505,772.0,841.0,low,,,,,,sche_jiagu,,0.5145553932894931,0.7208469333047336,baseline,,,,,39.015240705995495,,True,0.019882788419082545,28.33350462487153,122,,TSCv1.E1.homogeneous.n20.low.sche_jiagu.FQ79.64ab1f30,0.649338721528288,Q79,,G1_Q61_Q80,1.424,homogeneous,,,,40.32818404941826,0.7606463774130952,1.7457480739108,0.7214528540805545,0.39361119431672986
941,2256,,,,0.13727098714793545,502,10.43697019414821,1862,3657,1862,0.9597938144329897,C:\Users\99349\Desktop\serverless_sim_game_revision\runs\tscv1_g1_formal_q61_q80_98f822c_20260903\online\homogeneous-low\canonical\TSCv1.E1.homogeneous.n20.low.sche_jiagu.FQ80.c43313ee\run_config.json,0.3186889713996207,,0.32212195788898,20.281104730653542,0.0,,,,61.378088077336194,256.0,324.0,low,,,,,,sche_jiagu,,0.26061640568967404,0.5849772037252574,baseline,,,,,30.88177968593354,,True,0.09519174455698849,11.462886597938144,66,,TSCv1.E1.homogeneous.n20.low.sche_jiagu.FQ80.c43313ee,0.5914684167350287,Q80,,G1_Q61_Q80,1.862,homogeneous,,,,31.195092946079605,0.9238562012840135,1.3970484843755022,0.09228163960898388,0.2521609451608561
973,3965,0.08650693568726356,22.985119798234553,0.16006960574758308,0.14347604485219165,563,14.319062181447503,1869,3924,1869,0.9868004223864836,C:\Users\99349\Desktop\serverless_sim_game_revision\runs\tscv1_g1_formal_q61_q80_98f822c_20260903\online\homogeneous-low\canonical\TSCv1.E1.homogeneous.n20.low.sche_nash.FQ61.a0dc3a87\run_config.json,0.3168876080541065,0.035707393335941875,0.05198776758409786,8.963047910295616,,0.0,1.7399794450154162,1.0,46.0187265917603,261.0,334.0,low,3.0853031860226103,0.00027444742530489876,1.0701618455932915,1.4804901180847596,0.9989911727616646,sche_nash,27,0.32684935938339515,0.5818657596236909,ready_order,0.0,0.46659815005138744,0.0,1.4665981500513874,35.97819076672779,0.8184928111741402,True,0.12816500184476934,30.341605068637804,130,0.003083247687564234,TSCv1.E1.homogeneous.n20.low.sche_nash.FQ61.a0dc3a87,1.003058103975535,Q61,0.14401008827238335,G1_Q61_Q80,1.869,homogeneous,0.5215397610715579,0.8905422446406053,0.03879920702350609,35.51483788604544,1.0905492794618932,0.9071443334353376,0.10150598310469676,0.3814539058399381
968,5661,0.06253312135665076,23.250485779897545,0.1460163737628316,0.28115015974440893,1496,29.352753241871827,1668,5321,1668,0.8896,C:\Users\99349\Desktop\serverless_sim_game_revision\runs\tscv1_g1_formal_q61_q80_98f822c_20260903\online\homogeneous-low\canonical\TSCv1.E1.homogeneous.n20.low.sche_nash.FQ62.8e7a475a\run_config.json,0.3265656395781812,0.05320531469541099,0.056192445029129866,19.41345611727119,,0.0,1.8088842975206612,1.0,127.06055155875299,448.0,541.0,low,4.197314049586777,0.0005017154320005904,1.0918808935789697,1.2797800179000374,0.954954954954955,sche_nash,32,0.309539606488151,0.5348737731640756,ready_order,0.0,0.5299586776859504,0.0,1.5299586776859504,37.06238671642924,0.8423249044407385,True,0.040198960479593905,178.67093333333332,714,0.01962809917355372,TSCv1.E1.homogeneous.n20.low.sche_nash.FQ62.8e7a475a,1.0022552151851156,Q62,0.2835188129305776,G1_Q61_Q80,1.668,homogeneous,0.49500446030330064,0.8864158275922982,0.19170984455958548,36.937681369279474,0.8963150260116161,1.0609487169434548,0.1334455161499852,0.42278472386659866
981,5014,0.06900678101316314,18.312923813322698,0.16507737351210708,0.2228596646072374,1010,26.398499558693732,1736,4532,1736,0.90134994807892,C:\Users\99349\Desktop\serverless_sim_game_revision\runs\tscv1_g1_formal_q61_q80_98f822c_20260903\online\homogeneous-low\canonical\TSCv1.E1.homogeneous.n20.low.sche_nash.FQ63.1ece564e\run_config.json,0.31625770533689157,0.02089624913279517,0.07722859664607237,24.433804060017653,,0.0,1.833843017329256,1.0,131.38421658986175,483.0,563.0,low,3.63506625891947,0.0007392881261782874,1.1295528081982198,1.3797948048570787,0.9734742720382927,sche_nash,19,0.269501917985451,0.5403800074516508,ready_order,0.0,0.5494393476044852,0.0,1.5494393476044852,35.57502091601402,0.8191253526138508,True,0.04177970888082191,204.58255451713396,853,0.0050968399592252805,TSCv1.E1.homogeneous.n20.low.sche_nash.FQ63.1ece564e,1.0019858781994704,Q63,0.23693657758276826,G1_Q61_Q80,1.736,homogeneous,0.3930516886575475,0.9146390107698444,0.16572176188399476,35.94094921442252,0.8171789667070934,1.3467598965575032,0.20120208845417256,0.3648548436785391
956,4579,0.03385018563005023,10.224939943219043,0.1495374315781354,0.35116784356328085,1293,37.793318848451925,1410,3682,1410,0.7264296754250387,C:\Users\99349\Desktop\serverless_sim_game_revision\runs\tscv1_g1_formal_q61_q80_98f822c_20260903\online\homogeneous-low\canonical\TSCv1.E1.homogeneous.n20.low.sche_nash.FQ64.4eec7cf2\run_config.json,0.37855982137910016,0.02146614221046506,0.13552417164584465,34.94215100488865,,0.0,1.4843096234309623,1.0,185.10354609929078,554.0,614.0,low,3.3514644351464433,0.0007696992111158163,1.0113128840631038,1.4159237927394965,0.9534832932954793,sche_nash,44,0.20322880341297528,0.5271362460414909,ready_order,0.0,0.3692468619246862,0.0,1.3692468619246863,34.96013005421812,0.8287343776159006,True,0.020121940285899313,191.650180319423,779,0.005230125523012552,TSCv1.E1.homogeneous.n20.low.sche_nash.FQ64.4eec7cf2,1.003530689842477,Q64,0.33981218606682684,G1_Q61_Q80,1.41,homogeneous,0.4890079232228546,0.8281284123170998,0.20279535864978904,36.239663594152816,0.8645219645611608,1.3727736423619061,1.1259417268106655,0.3546597777521488
988,6974,0.051620303986234586,21.99584169773444,0.13185105327482607,0.24572271386430677,1666,20.992182890855457,1839,6780,1839,0.9236564540431944,C:\Users\99349\Desktop\serverless_sim_game_revision\runs\tscv1_g1_formal_q61_q80_98f822c_20260903\online\homogeneous-low\canonical\TSCv1.E1.homogeneous.n20.low.sche_nash.FQ65.373e1575\run_config.json,0.33278896213550163,0.17799229742059067,0.02743362831858407,22.11253687315634,,0.0,1.8208502024291497,1.0,86.04567699836868,385.0,449.0,low,4.951417004048583,0.0006061069213203253,1.2415548545043464,1.4028267002452708,0.9651562948092917,sche_nash,12,0.3144409499141392,0.6019164740361901,ready_order,0.0,0.5506072874493927,0.0010121457489878543,1.5506072874493928,38.74101680447114,0.8617100583184815,True,0.06422199021154043,150.58262179809142,618,0.05060728744939271,TSCv1.E1.homogeneous.n20.low.sche_nash.FQ65.373e1575,1.0016224188790561,Q65,0.240321193002581,G1_Q61_Q80,1.839,homogeneous,0.6617846750727449,0.9053627760252366,0.1609122584732341,38.83121357068039,0.8755648471682127,1.2328489320665161,0.18009700609713963,0.4471842695742307
983,6239,0.05770155473633595,30.311428113479725,0.13431782732949218,0.08440332326283988,447,3.868013595166163,1743,5296,1743,0.9012409513960703,C:\Users\99349\Desktop\serverless_sim_game_revision\runs\tscv1_g1_formal_q61_q80_98f822c_20260903\online\homogeneous-low\canonical\TSCv1.E1.homogeneous.n20.low.sche_nash.FQ66.9e6fa0b6\run_config.json,0.39953980962914154,0.04891300885458191,0.032666163141993956,6.159554380664653,,0.0,1.9338758901322481,1.0,28.644291451520367,168.0,319.0,low,4.385554425228891,0.0011944607769567327,1.5042468794654518,1.2756590999353579,0.9950312550088155,sche_nash,17,0.48077761682604336,0.6812449182330321,ready_order,0.0,0.6612410986775178,0.001017293997965412,1.661241098677518,38.00160912600708,0.8586917095964661,True,0.15229976906371245,212.26318510858326,664,0.001017293997965412,TSCv1.E1.homogeneous.n20.low.sche_nash.FQ66.9e6fa0b6,1.001321752265861,Q66,0.09520756531495432,G1_Q61_Q80,1.743,homogeneous,0.55234268493937,0.9677832986055458,0.06508777740973833,38.47320187491166,0.7627464703765315,1.337251653902843,0.2778628010054546,0.38077496756945955
980,4693,0.0752184103984658,28.356488386959303,0.1286172303574542,0.24542912454291246,1141,21.433426543342655,1871,4649,1871,0.9826680672268907,C:\Users\99349\Desktop\serverless_sim_game_revision\runs\tscv1_g1_formal_q61_q80_98f822c_20260903\online\homogeneous-low\canonical\TSCv1.E1.homogeneous.n20.low.sche_nash.FQ67.34895bf5\run_config.json,0.3251981179641569,0.04630359915800943,0.058292105829210586,31.630027963002796,,0.0,1.8081632653061224,1.0,122.18813468733298,418.0,597.0,low,3.673469387755102,0.0006473791006749043,1.2427267337397225,1.533700791746219,0.9701683358193054,sche_nash,20,0.39406503259187065,0.5960043333265684,ready_order,0.0,0.5173469387755102,0.0020408163265306124,1.5173469387755103,38.7319341806265,0.8564669323607648,True,0.04708653459188378,172.89285714285714,612,0.0010204081632653062,TSCv1.E1.homogeneous.n20.low.sche_nash.FQ67.34895bf5,1.00236610023661,Q67,0.24483272959727254,G1_Q61_Q80,1.871,homogeneous,0.8980004346881113,0.9051779245685063,0.1657250470809793,38.9092010406195,0.9555717962362379,1.3600238574966041,0.17331131355105447,0.40049618369870515
980,5223,0.04250430786904078,10.97683323760291,0.12472383668259279,0.1572693886368546,728,16.58111903218838,1821,4629,1821,0.9357656731757451,C:\Users\99349\Desktop\serverless_sim_game_revision\runs\tscv1_g1_formal_q61_q80_98f822c_20260903\online\homogeneous-low\canonical\TSCv1.E1.homogeneous.n20.low.sche_nash.FQ68.a672ace4\run_config.json,0.34471111098597956,0.04397599523908079,0.013177792179736443,24.147116007777058,,0.0,1.626530612244898,1.0,91.00823723228996,397.0,515.0,low,4.007142857142857,0.0007660598696815812,1.2795438894094133,1.4947599097843853,0.9879379666858128,sche_nash,20,0.3904611663920789,0.6153552434369782,ready_order,0.0,0.44693877551020406,0.0,1.4469387755102041,36.34787959420724,0.8626397425202194,True,0.05804622236361337,172.67574511819117,723,0.02142857142857143,TSCv1.E1.homogeneous.n20.low.sche_nash.FQ68.a672ace4,1.0023763231799525,Q68,0.15910396323951753,G1_Q61_Q80,1.821,homogeneous,0.4784301977231875,0.913076775799349,0.07905221220381631,36.94603572876865,0.7734340608416675,1.5022818568495528,0.21835577779598767,0.34904780541426284
981,5379,0.051310652537646405,14.849972113775795,0.09875305796304912,0.35691554467564257,1458,38.43255813953488,1340,4085,1340,0.700836820083682,C:\Users\99349\Desktop\serverless_sim_game_revision\runs\tscv1_g1_formal_q61_q80_98f822c_20260903\online\homogeneous-low\canonical\TSCv1.E1.homogeneous.n20.low.sche_nash.FQ69.127f5c76\run_config.json,0.4016756883308069,0.0017129569351428998,0.196328029375765,23.29816401468788,,0.0,1.5963302752293578,1.0,190.03805970149253,568.0,690.0,low,4.240570846075434,0.0005129953165081757,1.1264124762595495,1.408806941814639,0.978992377765384,sche_nash,19,0.31282883275083223,0.528323593089629,ready_order,0.0,0.4057084607543323,0.0,1.4057084607543324,39.338714165943756,0.8901266043880744,True,0.0175545080878623,629.8080543933054,1644,0.0061162079510703364,TSCv1.E1.homogeneous.n20.low.sche_nash.FQ69.127f5c76,1.002937576499388,Q69,0.3759063022866704,G1_Q61_Q80,1.34,homogeneous,0.34570003649191094,0.8575943483918944,0.2722740082375894,39.348835301722794,0.9138768021862931,1.2066960727931355,0.15700474075540055,0.43970279483397134
984,7819,0.07289934774267809,17.655326768128916,0.09696219173789002,0.16768665850673195,274,13.503671970624236,1012,1634,1012,0.5262610504420177,C:\Users\99349\Desktop\serverless_sim_game_revision\runs\tscv1_g1_formal_q61_q80_98f822c_20260903\online\homogeneous-low\canonical\TSCv1.E1.homogeneous.n20.low.sche_nash.FQ70.67ca7235\run_config.json,0.7756980323037611,0.6541516489195296,0.02937576499388005,12.549571603427173,,0.0,1.9115853658536586,1.0,35.43873517786561,223.0,322.0,low,5.860772357723577,0.00045113384459369066,1.282064535020224,1.1999279751864858,0.9970584473717867,sche_nash,16,0.29416862423008366,0.7752989767068714,ready_order,0.0,0.4684959349593496,0.0,1.4684959349593496,41.526229196107664,0.898439823014609,True,0.036813711909829225,2373.130525221009,8905,0.08536585365853659,TSCv1.E1.homogeneous.n20.low.sche_nash.FQ70.67ca7235,1.0067319461444308,Q70,0.15014707763141066,G1_Q61_Q80,1.012,homogeneous,0.8166619771149878,0.8673743445453382,0.020200530816868182,43.333432620802654,0.7372253636277718,1.8821579488529119,1.0522391245040792,0.38996754992243
980,7127,0.08909779710958328,23.377437912165007,0.09497617370112779,0.09829721362229102,381,7.76031991744066,1275,3876,1275,0.6657963446475196,C:\Users\99349\Desktop\serverless_sim_game_revision\runs\tscv1_g1_formal_q61_q80_98f822c_20260903\online\homogeneous-low\canonical\TSCv1.E1.homogeneous.n20.low.sche_nash.FQ71.4a2f19f4\run_config.json,0.5799853515625,0.4404410715836269,0.0012899896800825593,4.775799793601651,,0.0,2.0683673469387753,1.0,31.254117647058823,153.0,249.0,low,5.368367346938776,0.000880145891766154,1.4094757343538789,1.3308932124414266,0.9957906552546654,sche_nash,20,0.4137835677779168,0.7263051610499457,ready_order,0.0,0.6326530612244898,0.0020408163265306124,1.6326530612244898,42.05833565150101,0.8998068743665673,True,0.07033733627646223,809.1613577023498,2905,0.053061224489795916,TSCv1.E1.homogeneous.n20.low.sche_nash.FQ71.4a2f19f4,1.0028379772961817,Q71,0.11000420934474534,G1_Q61_Q80,1.275,homogeneous,0.6324962615376682,0.9142696786866844,0.026550030693677104,42.52819476308939,0.8285161291162981,1.441288361889593,0.28466212380794254,0.42757526404295293
962,5682,0.0424146427314326,17.26539950721577,0.15378077596325043,0.2980155917788802,1682,26.398121899362156,1898,5644,1898,0.9854620976116303,C:\Users\99349\Desktop\serverless_sim_game_revision\runs\tscv1_g1_formal_q61_q80_98f822c_20260903\online\homogeneous-low\canonical\TSCv1.E1.homogeneous.n20.low.sche_nash.FQ72.125948c8\run_config.json,0.2738977398083509,0.08727439452996638,0.11038270729978739,16.816265060240966,,0.0,1.5665280665280665,1.0,102.27239199157007,508.0,560.0,low,3.9386694386694385,0.0004152115326185506,1.039336015927628,1.368887218999762,0.981520591341077,sche_nash,38,0.2654998555623271,0.5113641838550913,ready_order,0.0,0.40332640332640335,0.0,1.4033264033264032,35.121441208615515,0.8345891214364307,True,0.06775624755032031,197.9558670820353,830,0.011434511434511435,TSCv1.E1.homogeneous.n20.low.sche_nash.FQ72.125948c8,1.0023033309709426,Q72,0.29690249912002814,G1_Q61_Q80,1.898,homogeneous,0.508987210508123,0.8961633227736713,0.21543597800471329,34.83787065188426,0.9257286858575439,0.8868039466417075,0.19412901775563324,0.4387748148429985
966,4803,0.08515511138871538,21.53133458255257,0.13620564607853333,0.28410513141426785,1362,28.973299958281185,1906,4794,1906,0.9942618675013041,C:\Users\99349\Desktop\serverless_sim_game_revision\runs\tscv1_g1_formal_q61_q80_98f822c_20260903\online\homogeneous-low\canonical\TSCv1.E1.homogeneous.n20.low.sche_nash.FQ73.09581a42\run_config.json,0.2551194598266986,0.07100628269380631,0.040884438881935756,23.758448060075093,,0.0,1.694616977225673,1.0,107.11804826862539,504.0,590.0,low,3.872670807453416,0.0002361381510518786,0.897275152818445,1.4560889004420023,0.9756402248594629,sche_nash,34,0.279796912199329,0.4773745738605716,ready_order,0.0,0.39648033126293997,0.0,1.39648033126294,36.0869805582012,0.8419330100541111,True,0.06974557491823806,74.36098069900886,307,0.018633540372670808,TSCv1.E1.homogeneous.n20.low.sche_nash.FQ73.09581a42,1.004171881518565,Q73,0.2837809702269415,G1_Q61_Q80,1.906,homogeneous,0.44518886450271455,0.8848636268998542,0.19058823529411764,35.633097004299735,1.0448962932151231,0.9450560309428759,0.08810167827155009,0.4421447527587302
984,5211,0.048934945308002305,14.54039531759739,0.1255320809414098,0.18176638176638177,638,15.425071225071225,1332,3510,1332,0.7051349920592906,C:\Users\99349\Desktop\serverless_sim_game_revision\runs\tscv1_g1_formal_q61_q80_98f822c_20260903\online\homogeneous-low\canonical\TSCv1.E1.homogeneous.n20.low.sche_nash.FQ74.307a8f62\run_config.json,0.3851070003108577,0.1463447605652727,0.05555555555555555,8.192877492877493,,0.0,1.5020325203252032,1.0,49.302552552552555,293.0,331.0,low,4.107723577235772,0.0003730990353949543,0.9562876683751358,1.563201520366784,0.9930915371329879,sche_nash,16,0.3041569941066835,0.5033194008182885,ready_order,0.0,0.2926829268292683,0.0,1.2926829268292683,37.41557730925653,0.8673675473421281,True,0.07015415646518398,214.06299629433562,588,0.07215447154471545,TSCv1.E1.homogeneous.n20.low.sche_nash.FQ74.307a8f62,1.0022792022792022,Q74,0.20648627902513914,G1_Q61_Q80,1.332,homogeneous,0.6453654552878726,0.8900402993667242,0.10845191893057353,37.95079672100951,0.8929699877846426,1.5436265440459354,0.28709406552612904,0.40253047893873634
991,11191,0.017960861406487356,12.348047538200339,0.1429303245499601,0.2862453531598513,77,23.185873605947954,219,269,219,0.11364815775817333,C:\Users\99349\Desktop\serverless_sim_game_revision\runs\tscv1_g1_formal_q61_q80_98f822c_20260903\online\homogeneous-low\canonical\TSCv1.E1.homogeneous.n20.low.sche_nash.FQ75.09cf50ad\run_config.json,3.5356562366224313,0.7014613317245986,0.0,30.66171003717472,,0.0,1.644803229061554,1.0,66.22374429223744,219.0,220.0,low,6.278506559031282,0.00045498386118767093,1.3685490015824935,1.6315715092589416,0.9986596372084711,sche_nash,9,0.4539070754576738,0.7598990916932445,ready_order,0.0,0.4934409687184662,0.0010090817356205853,1.4934409687184662,39.69261930199988,0.8550705429326007,True,0.0009353202772569999,2316.133367929424,8803,0.07568113017154389,TSCv1.E1.homogeneous.n20.low.sche_nash.FQ75.09cf50ad,1.0185873605947955,Q75,0.16182646769725673,G1_Q61_Q80,0.219,homogeneous,0.4599980698706813,0.8488964346349746,0.01263157894736842,43.28842090037092,0.5371395826887979,2.2802345140957554,2.2423482815293223,0.38964166684962825
958,3574,0.03357582540570789,9.88052602126469,0.12873817827640113,0.5126832018038332,1819,52.865276211950395,1923,3548,1923,0.990216271884655,C:\Users\99349\Desktop\serverless_sim_game_revision\runs\tscv1_g1_formal_q61_q80_98f822c_20260903\online\homogeneous-low\canonical\TSCv1.E1.homogeneous.n20.low.sche_nash.FQ76.254cc20c\run_config.json,0.21486918924999188,0.02484151397200607,0.15388951521984218,32.94757609921082,,0.0,1.312108559498956,1.0,151.65054602184088,349.0,378.0,low,3.0250521920668056,0.00015030862772190856,0.7273046418508644,1.5933056890747703,0.9706211527700056,sche_nash,42,0.19486325241318259,0.40693837758493306,ready_order,0.0,0.20668058455114824,0.0,1.2066805845511481,34.225734345660776,0.8449845293512809,True,0.0590148300459758,29.82131822863028,148,0.006263048016701462,TSCv1.E1.homogeneous.n20.low.sche_nash.FQ76.254cc20c,1.0056369785794814,Q76,0.5123111359820929,G1_Q61_Q80,1.923,homogeneous,0.10560560560560561,0.8198097369893677,0.40511945392491466,33.58790586030744,1.1193523019568907,0.814405838520619,0.05277600775953518,0.38565795877390757
981,5779,0.1088423602699429,30.710503547326528,0.10941645486283867,0.17954107549483272,1025,15.860571028201086,1912,5709,1912,0.9815195071868583,C:\Users\99349\Desktop\serverless_sim_game_revision\runs\tscv1_g1_formal_q61_q80_98f822c_20260903\online\homogeneous-low\canonical\TSCv1.E1.homogeneous.n20.low.sche_nash.FQ77.03658bd6\run_config.json,0.321044921875,0.01742226528284224,0.03450691889998248,9.330005254860746,,0.0,2.020387359836901,1.0,70.5810669456067,307.0,410.0,low,4.5504587155963305,0.0005100650761970624,1.1888420349011157,1.2683457783358096,0.9809655649766396,sche_nash,19,0.3119135401891263,0.6038381840839643,ready_order,0.0,0.5973496432212029,0.0010193679918450561,1.5973496432212029,36.932620527587936,0.8838367885548178,True,0.08437890087862619,133.87679671457906,667,0.010193679918450561,TSCv1.E1.homogeneous.n20.low.sche_nash.FQ77.03658bd6,1.00175162024873,Q77,0.1784045682644056,G1_Q61_Q80,1.912,homogeneous,0.5324055344283518,0.9212666551306454,0.10818933132982719,36.85994300571646,0.8976572278792273,1.0982342253900519,0.13043596201711416,0.40369086310739316
964,3664,0.03766375545851528,19.90201965065502,0.2073196320861627,0.32863981976907913,1167,27.27569698676429,1851,3551,1851,0.9675901725039205,C:\Users\99349\Desktop\serverless_sim_game_revision\runs\tscv1_g1_formal_q61_q80_98f822c_20260903\online\homogeneous-low\canonical\TSCv1.E1.homogeneous.n20.low.sche_nash.FQ78.a92bf172\run_config.json,0.2861166221911298,0.00845544306280734,0.07490847648549705,36.3700366094058,,0.0,1.429460580912863,1.0,120.82874122096165,428.0,526.0,low,2.733402489626556,0.0004171196639184305,1.1340023836708886,1.451982607430571,0.9426855895196506,sche_nash,36,0.3325106294716451,0.5190803594141016,ready_order,0.0,0.3070539419087137,0.001037344398340249,1.3070539419087137,35.08701710357416,0.7599292740380335,True,0.05354181367916935,99.3993727130162,446,0.001037344398340249,TSCv1.E1.homogeneous.n20.low.sche_nash.FQ78.a92bf172,1.051253168121656,Q78,0.32832969432314413,G1_Q61_Q80,1.851,homogeneous,0.5493234932349323,0.8900109170305677,0.24532352039251762,34.825340475577974,1.0928389262896048,1.0228563211858273,0.1585147132999772,0.3502088228980787
974,7047,0.07237122179650915,23.518660422874984,0.14364112547449573,0.21486620416253716,1084,19.974231912784937,1169,5045,1169,0.6007194244604317,C:\Users\99349\Desktop\serverless_sim_game_revision\runs\tscv1_g1_formal_q61_q80_98f822c_20260903\online\homogeneous-low\canonical\TSCv1.E1.homogeneous.n20.low.sche_nash.FQ79.537b6c97\run_config.json,0.5775824710790473,0.22539740974646275,0.034489593657086225,26.074132804757184,,0.0,2.0256673511293632,1.0,126.8109495295124,466.0,588.0,low,4.9435318275154,0.0011878243038935018,1.3415278846491037,1.4120681222548837,0.9648077195969916,sche_nash,26,0.45948789019779623,0.6607306218744975,ready_order,0.0,0.6468172484599589,0.0,1.646817248459959,40.90474972915054,0.8495474599097762,True,0.015960399294475968,323.0868448098664,872,0.061601642710472276,TSCv1.E1.homogeneous.n20.low.sche_nash.FQ79.537b6c97,1.0033696729435084,Q79,0.22676316162906202,G1_Q61_Q80,1.169,homogeneous,0.6325860271115745,0.8955583936426849,0.1365869117414039,41.326136562254845,0.8674854996509885,1.4208188352854485,0.3115826466008574,0.44352904507052193
975,3841,0.030721166362926322,10.80031241864098,0.10896191081583531,0.2680115273775216,930,21.640057636887608,1836,3470,1836,0.9463917525773196,C:\Users\99349\Desktop\serverless_sim_game_revision\runs\tscv1_g1_formal_q61_q80_98f822c_20260903\online\homogeneous-low\canonical\TSCv1.E1.homogeneous.n20.low.sche_nash.FQ80.eb3142ee\run_config.json,0.3190321911913637,0.0209722537251538,0.08703170028818444,25.236887608069164,,0.0,1.278974358974359,1.0,89.87962962962963,345.0,379.0,low,3.3087179487179488,0.00018045990714926738,1.047456556212097,1.4050609549409057,0.9862015100234314,sche_nash,25,0.25520425643025246,0.5775014510099807,ready_order,0.0,0.18256410256410258,0.0,1.1825641025641025,34.95007268900177,0.8699498239112254,True,0.0640290260806783,79.10463917525773,264,0.0,TSCv1.E1.homogeneous.n20.low.sche_nash.FQ80.eb3142ee,1.004034582132565,Q80,0.2835199166883624,G1_Q61_Q80,1.836,homogeneous,0.460685200786296,0.877896381150742,0.18386714116251482,34.780906842109346,1.0350336664063147,1.155156682335874,0.052241435248467076,0.3415300999650481
918,2025,,,,0.12868769074262462,506,12.078077314343846,1867,3932,1867,0.9857444561774024,C:\Users\99349\Desktop\serverless_sim_game_revision\runs\tscv1_g1_formal_q61_q80_98f822c_20260903\online\homogeneous-low\canonical\TSCv1.E1.homogeneous.n20.low.sche_OCS.FQ61.6782588a\run_config.json,0.3254169286350931,,0.40818921668362157,15.098423194303153,0.0,,,,54.53401178361007,348.0,418.0,low,,,,,,sche_OCS,,0.3261044484455121,0.5971574680959173,baseline,,,,,31.98478133307563,,True,0.1052050842565737,18.138331573389653,87,,TSCv1.E1.homogeneous.n20.low.sche_OCS.FQ61.6782588a,0.5139877924720244,Q61,,G1_Q61_Q80,1.867,homogeneous,,,,31.841240831539956,0.9911945469953396,1.0758606550134258,0.041235572281810975,0.2694421434476052
909,3033,,,,0.17022157796645268,822,14.073100020708221,1569,4829,1569,0.8368,C:\Users\99349\Desktop\serverless_sim_game_revision\runs\tscv1_g1_formal_q61_q80_98f822c_20260903\online\homogeneous-low\canonical\TSCv1.E1.homogeneous.n20.low.sche_OCS.FQ62.9c4d5b0c\run_config.json,0.3095345044303199,,0.3652930213294678,44.84551667011804,0.0,,,,151.4302103250478,814.0,856.0,low,,,,,,sche_OCS,,0.3011889431772739,0.47614096546032586,baseline,,,,,36.379600050109,,True,0.03347351738846821,12.3312,56,,TSCv1.E1.homogeneous.n20.low.sche_OCS.FQ62.9c4d5b0c,0.540484572375233,Q62,,G1_Q61_Q80,1.569,homogeneous,,,,37.49079762266054,0.7285526232327806,1.7946890543641487,0.3856390363230019,0.34057814709687445
937,2145,,,,0.08168713294180459,306,8.50213561131874,1522,3746,1522,0.7902388369678089,C:\Users\99349\Desktop\serverless_sim_game_revision\runs\tscv1_g1_formal_q61_q80_98f822c_20260903\online\homogeneous-low\canonical\TSCv1.E1.homogeneous.n20.low.sche_OCS.FQ63.928214b7\run_config.json,0.35145149782358737,,0.42952482648158036,23.065670048051256,0.0,,,,76.52956636005256,363.0,418.0,low,,,,,,sche_OCS,,0.24517971991794094,0.5270005497298176,baseline,,,,,29.869303184455926,,True,0.056587434056207725,9.474039460020768,50,,TSCv1.E1.homogeneous.n20.low.sche_OCS.FQ63.928214b7,0.46476241324079015,Q63,,G1_Q61_Q80,1.522,homogeneous,,,,30.70563610583752,0.7088568301033445,1.6429531019328636,0.15266656557441036,0.25042998780320574
945,2929,,,,0.1511216056670602,512,10.476387249114522,1571,3388,1571,0.8093766099948481,C:\Users\99349\Desktop\serverless_sim_game_revision\runs\tscv1_g1_formal_q61_q80_98f822c_20260903\online\homogeneous-low\canonical\TSCv1.E1.homogeneous.n20.low.sche_OCS.FQ64.1b2d76ce\run_config.json,0.31713292190483766,,0.17650531286894924,47.69214876033058,0.0,,,,123.88733290897518,549.0,570.0,low,,,,,,sche_OCS,,0.21256439240233516,0.49134743547466597,baseline,,,,,32.64438269691038,,True,0.03998599917608448,8.097887686759403,39,,TSCv1.E1.homogeneous.n20.low.sche_OCS.FQ64.1b2d76ce,0.8878394332939787,Q64,,G1_Q61_Q80,1.571,homogeneous,,,,33.782924359713284,0.6391599572249111,1.818293923157887,0.2144318375979401,0.25502395893921825
950,4690,,,,0.12482443820224719,711,9.418539325842696,1759,5696,1759,0.8834756403817178,C:\Users\99349\Desktop\serverless_sim_game_revision\runs\tscv1_g1_formal_q61_q80_98f822c_20260903\online\homogeneous-low\canonical\TSCv1.E1.homogeneous.n20.low.sche_OCS.FQ65.b60eb5a8\run_config.json,0.3449378433791394,,0.2638693820224719,24.87868679775281,0.0,,,,69.61398521887436,490.0,556.0,low,,,,,,sche_OCS,,0.3042621808476019,0.5970003977504157,baseline,,,,,38.21647304156696,,True,0.07325352010842663,24.61928679055751,120,,TSCv1.E1.homogeneous.n20.low.sche_OCS.FQ65.b60eb5a8,0.7089185393258427,Q65,,G1_Q61_Q80,1.759,homogeneous,,,,38.89765870596554,0.7689706844339238,1.431052907456213,0.41402382520533826,0.39492053434030333
909,2001,,,,0.07474874371859297,476,2.636934673366834,1902,6368,1902,0.983453981385729,C:\Users\99349\Desktop\serverless_sim_game_revision\runs\tscv1_g1_formal_q61_q80_98f822c_20260903\online\homogeneous-low\canonical\TSCv1.E1.homogeneous.n20.low.sche_OCS.FQ66.91b5cd37\run_config.json,0.35974544681585174,,0.5935929648241206,17.572393216080403,0.0,,,,59.072555205047315,412.0,781.0,low,,,,,,sche_OCS,,0.5115339050845512,0.6681797535393293,baseline,,,,,29.114581615671046,,True,0.0895013219266172,17.526370217166495,74,,TSCv1.E1.homogeneous.n20.low.sche_OCS.FQ66.91b5cd37,0.3074748743718593,Q66,,G1_Q61_Q80,1.902,homogeneous,,,,30.08777250950483,0.6182693304307386,1.7126384860035897,0.09870551507370821,0.21988338318423947
931,2600,,,,0.11287758346581876,426,11.516163222045575,1696,3774,1696,0.8907563025210085,C:\Users\99349\Desktop\serverless_sim_game_revision\runs\tscv1_g1_formal_q61_q80_98f822c_20260903\online\homogeneous-low\canonical\TSCv1.E1.homogeneous.n20.low.sche_OCS.FQ67.4ba35218\run_config.json,0.3647994635240087,,0.3436671966083731,19.418653948065714,0.0,,,,68.73054245283019,264.0,582.0,low,,,,,,sche_OCS,,0.36719852179604995,0.6070451923247143,baseline,,,,,35.45423742734469,,True,0.06764284811563158,34.588235294117645,150,,TSCv1.E1.homogeneous.n20.low.sche_OCS.FQ67.4ba35218,0.5924748277689454,Q67,,G1_Q61_Q80,1.696,homogeneous,,,,36.05292485750638,0.8946374966705648,1.5280221688288909,0.27929520982532546,0.3139921167492867
930,2863,,,,0.17366003062787136,567,13.87258805513017,1464,3265,1464,0.7523124357656732,C:\Users\99349\Desktop\serverless_sim_game_revision\runs\tscv1_g1_formal_q61_q80_98f822c_20260903\online\homogeneous-low\canonical\TSCv1.E1.homogeneous.n20.low.sche_OCS.FQ68.a4c1cadf\run_config.json,0.4166040055738772,,0.3142419601837672,44.91271056661562,0.0,,,,123.2096994535519,599.0,814.0,low,,,,,,sche_OCS,,0.3070453995350706,0.6000485254857825,baseline,,,,,32.80096153874852,,True,0.028521524632387232,11.51027749229188,56,,TSCv1.E1.homogeneous.n20.low.sche_OCS.FQ68.a4c1cadf,0.5418070444104135,Q68,,G1_Q61_Q80,1.464,homogeneous,,,,34.35082347335575,0.5731451715779573,2.0655819127037525,0.3166088035126541,0.2591837852246021
951,2587,,,,0.2182450907283122,878,17.00820283370619,1319,4023,1319,0.6898535564853556,C:\Users\99349\Desktop\serverless_sim_game_revision\runs\tscv1_g1_formal_q61_q80_98f822c_20260903\online\homogeneous-low\canonical\TSCv1.E1.homogeneous.n20.low.sche_OCS.FQ69.94d86ed3\run_config.json,0.4141889200507013,,0.44096445438727316,27.15485955754412,0.0,,,,135.98786959818045,609.0,753.0,low,,,,,,sche_OCS,,0.39166945197683356,0.53401838865967,baseline,,,,,34.3011992667972,,True,0.02341780301521572,16.388598326359833,66,,TSCv1.E1.homogeneous.n20.low.sche_OCS.FQ69.94d86ed3,0.43027591349739003,Q69,,G1_Q61_Q80,1.319,homogeneous,,,,35.28476874414539,0.6737219612875534,1.816977525407115,0.13412326503765368,0.29380932320694136
930,6184,,,,0.1320830007980846,331,8.799680766161213,1238,2506,1238,0.6437857514300572,C:\Users\99349\Desktop\serverless_sim_game_revision\runs\tscv1_g1_formal_q61_q80_98f822c_20260903\online\homogeneous-low\canonical\TSCv1.E1.homogeneous.n20.low.sche_OCS.FQ70.1d0403f0\run_config.json,0.6575888293240105,,0.3120510774142059,13.333599361532322,0.0,,,,38.58562197092084,231.0,318.0,low,,,,,,sche_OCS,,0.4065569071799916,0.8010023823381076,baseline,,,,,39.80185272144624,,True,0.04879111157371319,79.90951638065522,303,,TSCv1.E1.homogeneous.n20.low.sche_OCS.FQ70.1d0403f0,0.6715881883479649,Q70,,G1_Q61_Q80,1.238,homogeneous,,,,42.36973964396917,0.548147694296583,2.2828463447144083,1.1720930769410645,0.3389047093082215
925,5046,,,,0.08247191011235955,367,6.15438202247191,1357,4450,1357,0.7086161879895562,C:\Users\99349\Desktop\serverless_sim_game_revision\runs\tscv1_g1_formal_q61_q80_98f822c_20260903\online\homogeneous-low\canonical\TSCv1.E1.homogeneous.n20.low.sche_OCS.FQ71.14504ed4\run_config.json,0.5387667696003362,,0.29730337078651686,7.562921348314607,0.0,,,,39.28887251289609,236.0,266.0,low,,,,,,sche_OCS,,0.4312960671740179,0.7174065528880781,baseline,,,,,40.527597050887934,,True,0.06410759440704326,21.95509138381201,94,,TSCv1.E1.homogeneous.n20.low.sche_OCS.FQ71.14504ed4,0.6384269662921348,Q71,,G1_Q61_Q80,1.357,homogeneous,,,,41.80966856665806,0.7018815089065878,1.872037946067535,0.49596348592699213,0.3840487087606864
907,2629,,,,0.15937940761636107,904,10.950282087447109,1908,5672,1908,0.9906542056074766,C:\Users\99349\Desktop\serverless_sim_game_revision\runs\tscv1_g1_formal_q61_q80_98f822c_20260903\online\homogeneous-low\canonical\TSCv1.E1.homogeneous.n20.low.sche_OCS.FQ72.d77b3cf9\run_config.json,0.2773488362630208,,0.44922425952045136,31.564880112834977,0.0,,,,106.96855345911949,647.0,770.0,low,,,,,,sche_OCS,,0.26645122501019053,0.5206558734563972,baseline,,,,,27.821102230301282,,True,0.06431257514643447,15.181723779854622,81,,TSCv1.E1.homogeneous.n20.low.sche_OCS.FQ72.d77b3cf9,0.4635049365303244,Q72,,G1_Q61_Q80,1.908,homogeneous,,,,27.851785446673393,0.781975145746106,1.0444707590484401,0.07434625359526284,0.30615859006284624
907,3520,,,,0.12935708752904726,501,13.563903950426026,1447,3873,1447,0.7548252477829943,C:\Users\99349\Desktop\serverless_sim_game_revision\runs\tscv1_g1_formal_q61_q80_98f822c_20260903\online\homogeneous-low\canonical\TSCv1.E1.homogeneous.n20.low.sche_OCS.FQ73.0f987314\run_config.json,0.3381092464338934,,0.15775884327394785,16.048799380325327,0.0,,,,50.872149274360744,321.0,501.0,low,,,,,,sche_OCS,,0.24179833014441174,0.48151362460843716,baseline,,,,,34.27953367233276,,True,0.08412622418018734,16.522170057381324,80,,TSCv1.E1.homogeneous.n20.low.sche_OCS.FQ73.0f987314,0.7921507875032274,Q73,,G1_Q61_Q80,1.447,homogeneous,,,,34.41240971765735,0.8905900723173875,1.2698512745513157,0.11881287268320606,0.3651980128901249
937,3195,,,,0.1804154302670623,912,16.784569732937687,1721,5055,1721,0.911064055055585,C:\Users\99349\Desktop\serverless_sim_game_revision\runs\tscv1_g1_formal_q61_q80_98f822c_20260903\online\homogeneous-low\canonical\TSCv1.E1.homogeneous.n20.low.sche_OCS.FQ74.6c3aa1b4\run_config.json,0.34084957107286823,,0.3303659742828882,34.13036597428289,0.0,,,,109.31086577571179,723.0,925.0,low,,,,,,sche_OCS,,0.3448208760081402,0.5756465004538791,baseline,,,,,36.308626604154824,,True,0.04619072559066957,18.09793541556379,74,,TSCv1.E1.homogeneous.n20.low.sche_OCS.FQ74.6c3aa1b4,0.5641938674579624,Q74,,G1_Q61_Q80,1.721,homogeneous,,,,36.87394770590912,0.8215046480706134,1.5492232454214858,0.18051430228776963,0.3429119133893313
911,8572,,,,0.2825278810408922,76,23.12639405204461,219,269,219,0.11364815775817333,C:\Users\99349\Desktop\serverless_sim_game_revision\runs\tscv1_g1_formal_q61_q80_98f822c_20260903\online\homogeneous-low\canonical\TSCv1.E1.homogeneous.n20.low.sche_OCS.FQ75.f3e70246\run_config.json,3.836919636486872,,0.0,32.215613382899626,0.0,,,,67.59817351598174,219.0,220.0,low,,,,,,sche_OCS,,0.468666637984033,0.8253441773435982,baseline,,,,,40.32426588089178,,True,0.0008443576649144489,42.461338868707834,175,,TSCv1.E1.homogeneous.n20.low.sche_OCS.FQ75.f3e70246,1.0148698884758365,Q75,,G1_Q61_Q80,0.219,homogeneous,,,,44.56781978558226,0.5110295324154351,2.4271264873163423,2.7077816003221695,0.38032414683506305
937,2691,,,,0.1959686450167973,700,23.30179171332587,1932,3572,1932,0.9948506694129763,C:\Users\99349\Desktop\serverless_sim_game_revision\runs\tscv1_g1_formal_q61_q80_98f822c_20260903\online\homogeneous-low\canonical\TSCv1.E1.homogeneous.n20.low.sche_OCS.FQ76.f7cca849\run_config.json,0.22743180869282156,,0.21360582306830908,40.57502799552071,0.0,,,,114.7991718426501,430.0,458.0,low,,,,,,sche_OCS,,0.19595470194184733,0.4330869843511084,baseline,,,,,32.35024960835775,,True,0.07399751949907171,3.809989701338826,22,,TSCv1.E1.homogeneous.n20.low.sche_OCS.FQ76.f7cca849,0.7847144456886898,Q76,,G1_Q61_Q80,1.932,homogeneous,,,,32.44613454245316,0.878077884548351,1.235634347711164,0.04232327426866456,0.3039950678967402
929,3018,,,,0.12047560762371044,689,10.501136562336074,1911,5719,1911,0.981006160164271,C:\Users\99349\Desktop\serverless_sim_game_revision\runs\tscv1_g1_formal_q61_q80_98f822c_20260903\online\homogeneous-low\canonical\TSCv1.E1.homogeneous.n20.low.sche_OCS.FQ77.6abb2fd7\run_config.json,0.3161188961011087,,0.4315439762196188,17.905403042489947,0.0,,,,79.97226582940868,405.0,691.0,low,,,,,,sche_OCS,,0.31289647994294295,0.594108813783867,baseline,,,,,31.880628504288598,,True,0.07559112858053481,21.25924024640657,102,,TSCv1.E1.homogeneous.n20.low.sche_OCS.FQ77.6abb2fd7,0.5200209826892813,Q77,,G1_Q61_Q80,1.911,homogeneous,,,,32.22941759550627,0.7554584022295384,1.3117470023369773,0.11200191192773298,0.31950129921603
921,2024,,,,0.10977118119975263,355,9.193568336425479,1708,3234,1708,0.8928384736016728,C:\Users\99349\Desktop\serverless_sim_game_revision\runs\tscv1_g1_formal_q61_q80_98f822c_20260903\online\homogeneous-low\canonical\TSCv1.E1.homogeneous.n20.low.sche_OCS.FQ78.423b10d1\run_config.json,0.2994198765631861,,0.3525046382189239,54.65862708719852,0.0,,,,120.39637002341921,652.0,789.0,low,,,,,,sche_OCS,,0.31374015962001944,0.5014730672805775,baseline,,,,,30.530842057329863,,True,0.047379867986161915,4.71144798745426,24,,TSCv1.E1.homogeneous.n20.low.sche_OCS.FQ78.423b10d1,0.6394557823129252,Q78,,G1_Q61_Q80,1.708,homogeneous,,,,31.66053573604629,0.7220112768863696,1.9751749583796079,0.09472805305049117,0.21819819707290927
910,5061,,,,0.07504078303425775,276,7.623436650353453,1033,3678,1033,0.5308324768756424,C:\Users\99349\Desktop\serverless_sim_game_revision\runs\tscv1_g1_formal_q61_q80_98f822c_20260903\online\homogeneous-low\canonical\TSCv1.E1.homogeneous.n20.low.sche_OCS.FQ79.5f5a5afe\run_config.json,0.6489261357620402,,0.3493746601413812,29.040511147362697,0.0,,,,105.13359148112295,554.0,691.0,low,,,,,,sche_OCS,,0.4148783728033919,0.6572281998762619,baseline,,,,,39.20870576642573,,True,0.01514131361792604,28.33350462487153,122,,TSCv1.E1.homogeneous.n20.low.sche_OCS.FQ79.5f5a5afe,0.6334964654703643,Q79,,G1_Q61_Q80,1.033,homogeneous,,,,40.32818383384755,0.8343081057618775,1.6447564290990662,0.7175155610517419,0.40848583151726026
942,2271,,,,0.12510088781275222,465,9.760290556900726,1883,3717,1883,0.9706185567010309,C:\Users\99349\Desktop\serverless_sim_game_revision\runs\tscv1_g1_formal_q61_q80_98f822c_20260903\online\homogeneous-low\canonical\TSCv1.E1.homogeneous.n20.low.sche_OCS.FQ80.d38a4717\run_config.json,0.3189940369008895,,0.31746031746031744,26.328490718321227,0.0,,,,72.31067445565587,330.0,400.0,low,,,,,,sche_OCS,,0.264218714394255,0.5921196226222599,baseline,,,,,30.50143726950225,,True,0.08163292218122074,8.205670103092784,51,,TSCv1.E1.homogeneous.n20.low.sche_OCS.FQ80.d38a4717,0.5899919289749799,Q80,,G1_Q61_Q80,1.883,homogeneous,,,,31.231686849522728,0.784221292846561,1.6185966397581095,0.1301389143759986,0.23426469966263982
918,2025,,,,0.13416180573167638,529,13.431143799137713,1871,3943,1871,0.9878563885955649,C:\Users\99349\Desktop\serverless_sim_game_revision\runs\tscv1_g1_formal_q61_q80_98f822c_20260903\online\homogeneous-low\canonical\TSCv1.E1.homogeneous.n20.low.sche_orion.FQ61.74351d7e\run_config.json,0.3084844673845871,,0.43241186913517626,9.448135937103729,0.0,,,,45.194013896312136,264.0,334.0,low,,,,,,sche_orion,,0.3269105690312396,0.5667924009218511,baseline,,,,,32.2110115785952,,True,0.13420218014095062,17.1752903907075,80,,TSCv1.E1.homogeneous.n20.low.sche_orion.FQ61.74351d7e,0.5412122749175754,Q61,,G1_Q61_Q80,1.871,homogeneous,,,,31.841240948335624,1.076575913598508,0.9553674972204514,0.03271215355874579,0.28127488283463464
909,3036,,,,0.28732864023712484,1551,23.168580955909597,1699,5398,1699,0.9061333333333333,C:\Users\99349\Desktop\serverless_sim_game_revision\runs\tscv1_g1_formal_q61_q80_98f822c_20260903\online\homogeneous-low\canonical\TSCv1.E1.homogeneous.n20.low.sche_orion.FQ62.f55bae56\run_config.json,0.3071508559147844,,0.33456835865135237,34.67691737680622,0.0,,,,159.467333725721,548.0,569.0,low,,,,,,sche_orion,,0.31674922173713244,0.5118168901179282,baseline,,,,,37.2667133208163,,True,0.03468725364624946,12.1936,54,,TSCv1.E1.homogeneous.n20.low.sche_orion.FQ62.f55bae56,0.5305668766209707,Q62,,G1_Q61_Q80,1.699,homogeneous,,,,37.488387534426764,0.9348981936630328,1.4014081540315046,0.16104509735084843,0.4058808464169188
933,2129,,,,0.32079646017699115,1305,21.58874139626352,1526,4068,1526,0.7923156801661475,C:\Users\99349\Desktop\serverless_sim_game_revision\runs\tscv1_g1_formal_q61_q80_98f822c_20260903\online\homogeneous-low\canonical\TSCv1.E1.homogeneous.n20.low.sche_orion.FQ63.0188dd99\run_config.json,0.3510777784675008,,0.3584070796460177,39.722468043264506,0.0,,,,162.11336828309305,709.0,786.0,low,,,,,,sche_orion,,0.25302613383168354,0.527609492481394,baseline,,,,,30.605999846702566,,True,0.026812194592467316,9.474039460020768,50,,TSCv1.E1.homogeneous.n20.low.sche_orion.FQ63.0188dd99,0.42379547689282204,Q63,,G1_Q61_Q80,1.526,homogeneous,,,,30.63336632183428,0.9397224067465808,1.131686050716058,0.1243226011771448,0.28891969615302215
928,2589,,,,0.4074074074074074,1089,29.827534605312383,1319,2673,1319,0.6795466254507986,C:\Users\99349\Desktop\serverless_sim_game_revision\runs\tscv1_g1_formal_q61_q80_98f822c_20260903\online\homogeneous-low\canonical\TSCv1.E1.homogeneous.n20.low.sche_orion.FQ64.3e835cad\run_config.json,0.3672261386318944,,0.17807706696595585,76.32248410026187,0.0,,,,206.7065959059894,565.0,853.0,low,,,,,,sche_orion,,0.18591089327034369,0.4783021758636873,baseline,,,,,32.353375128034735,,True,0.017376282733991884,7.240597630087584,37,,TSCv1.E1.homogeneous.n20.low.sche_orion.FQ64.3e835cad,0.6711560044893379,Q64,,G1_Q61_Q80,1.319,homogeneous,,,,33.5800737835533,0.7926545352687611,1.7204159247732476,0.5602643635813197,0.2613271339985338
945,4668,,,,0.22167630057803467,1534,15.143063583815028,1963,6920,1963,0.9859367152184831,C:\Users\99349\Desktop\serverless_sim_game_revision\runs\tscv1_g1_formal_q61_q80_98f822c_20260903\online\homogeneous-low\canonical\TSCv1.E1.homogeneous.n20.low.sche_orion.FQ65.c734db3d\run_config.json,0.3078511607810908,,0.2666184971098266,37.67456647398844,0.0,,,,120.6760061130922,638.0,893.0,low,,,,,,sche_orion,,0.31702957057508313,0.5941698489778771,baseline,,,,,38.694194756722794,,True,0.05283948495826587,24.61928679055751,120,,TSCv1.E1.homogeneous.n20.low.sche_orion.FQ65.c734db3d,0.6703757225433526,Q65,,G1_Q61_Q80,1.963,homogeneous,,,,38.86543869706639,0.9333791571590274,1.1295295521910618,0.4249872959218121,0.4498940560720931
909,2001,,,,0.1191963531993922,706,3.186223197703866,1815,5923,1815,0.93846949327818,C:\Users\99349\Desktop\serverless_sim_game_revision\runs\tscv1_g1_formal_q61_q80_98f822c_20260903\online\homogeneous-low\canonical\TSCv1.E1.homogeneous.n20.low.sche_orion.FQ66.9a54fe93\run_config.json,0.3865997734805441,,0.5961505993584332,10.1933141988857,0.0,,,,41.05179063360882,251.0,413.0,low,,,,,,sche_orion,,0.49589429329253115,0.6860770807067842,baseline,,,,,29.721501651136712,,True,0.11436231256998053,17.526370217166495,74,,TSCv1.E1.homogeneous.n20.low.sche_orion.FQ66.9a54fe93,0.307276717879453,Q66,,G1_Q61_Q80,1.815,homogeneous,,,,30.087772753523446,0.832490944558627,1.3283450401824215,0.10964932123097641,0.23923203401241463
936,2632,,,,0.21052631578947367,996,14.19699852039738,1887,4731,1887,0.9910714285714286,C:\Users\99349\Desktop\serverless_sim_game_revision\runs\tscv1_g1_formal_q61_q80_98f822c_20260903\online\homogeneous-low\canonical\TSCv1.E1.homogeneous.n20.low.sche_orion.FQ67.708de506\run_config.json,0.3192433012056174,,0.33946311562037623,26.861128725428028,0.0,,,,94.96343402225754,327.0,636.0,low,,,,,,sche_orion,,0.40026125662222767,0.589798760826534,baseline,,,,,35.94243462759673,,True,0.06224345567457567,35.30882352941177,154,,TSCv1.E1.homogeneous.n20.low.sche_orion.FQ67.708de506,0.5571760727119003,Q67,,G1_Q61_Q80,1.887,homogeneous,,,,36.05394200423568,1.014476474433979,1.245112194342816,0.2129972805127524,0.33212551044294536
925,2771,,,,0.19909938887101963,619,15.199421035702798,1450,3109,1450,0.7451181911613566,C:\Users\99349\Desktop\serverless_sim_game_revision\runs\tscv1_g1_formal_q61_q80_98f822c_20260903\online\homogeneous-low\canonical\TSCv1.E1.homogeneous.n20.low.sche_orion.FQ68.8ac8f4e0\run_config.json,0.4114466173895474,,0.3232550659376005,29.729495014474107,0.0,,,,87.30206896551724,488.0,684.0,low,,,,,,sche_orion,,0.29693016460161786,0.5870655391874094,baseline,,,,,32.958271858107956,,True,0.040367324875848626,11.51027749229188,56,,TSCv1.E1.homogeneous.n20.low.sche_orion.FQ68.8ac8f4e0,0.5538758443229335,Q68,,G1_Q61_Q80,1.45,homogeneous,,,,34.05847367445341,0.7311166482834728,1.6951739093277352,0.41492977149808763,0.2787854761928481
954,2730,,,,0.34759233286582514,1487,28.733052828424498,1379,4278,1379,0.7212343096234309,C:\Users\99349\Desktop\serverless_sim_game_revision\runs\tscv1_g1_formal_q61_q80_98f822c_20260903\online\homogeneous-low\canonical\TSCv1.E1.homogeneous.n20.low.sche_orion.FQ69.d14de699\run_config.json,0.4194185451980602,,0.3139317438055166,39.79990649836372,0.0,,,,213.82958665699783,819.0,887.0,low,,,,,,sche_orion,,0.408084959405525,0.5655572428200311,baseline,,,,,35.23591182694767,,True,0.015376193660401057,18.228033472803347,74,,TSCv1.E1.homogeneous.n20.low.sche_orion.FQ69.d14de699,0.43338008415147267,Q69,,G1_Q61_Q80,1.379,homogeneous,,,,35.600060609670784,0.8260558913888294,1.3939233522930425,0.1366022592853932,0.3403212947068197
931,6185,,,,0.18176538908246226,313,13.389663182346109,1043,1722,1043,0.5423816952678107,C:\Users\99349\Desktop\serverless_sim_game_revision\runs\tscv1_g1_formal_q61_q80_98f822c_20260903\online\homogeneous-low\canonical\TSCv1.E1.homogeneous.n20.low.sche_orion.FQ70.273d25be\run_config.json,0.7574204237326222,,0.20963995354239257,11.834494773519165,0.0,,,,34.47938638542665,226.0,286.0,low,,,,,,sche_orion,,0.30077344030926184,0.7800791053575076,baseline,,,,,40.57629546024381,,True,0.039938133883730534,79.91263650546021,303,,TSCv1.E1.homogeneous.n20.low.sche_orion.FQ70.273d25be,0.7508710801393729,Q70,,G1_Q61_Q80,1.043,homogeneous,,,,42.36942573784818,0.7758083298428944,1.7439356937558783,1.2170688029827375,0.39206597535669946
924,5042,,,,0.1082184788157223,424,7.632210311383359,1281,3918,1281,0.6689295039164491,C:\Users\99349\Desktop\serverless_sim_game_revision\runs\tscv1_g1_formal_q61_q80_98f822c_20260903\online\homogeneous-low\canonical\TSCv1.E1.homogeneous.n20.low.sche_orion.FQ71.bcab666c\run_config.json,0.5708378025742827,,0.296579887697805,5.473711077080143,0.0,,,,32.78142076502732,178.0,247.0,low,,,,,,sche_orion,,0.37421470666987283,0.719246161728926,baseline,,,,,40.081099826066755,,True,0.06845554491879945,21.95509138381201,94,,TSCv1.E1.homogeneous.n20.low.sche_orion.FQ71.bcab666c,0.647524247064829,Q71,,G1_Q61_Q80,1.281,homogeneous,,,,41.80902508429619,0.8930841503293209,1.4946926601913797,1.5390705736217305,0.4127536478117315
908,2630,,,,0.22310405643738976,1265,14.732275132275133,1906,5670,1906,0.9896157840083074,C:\Users\99349\Desktop\serverless_sim_game_revision\runs\tscv1_g1_formal_q61_q80_98f822c_20260903\online\homogeneous-low\canonical\TSCv1.E1.homogeneous.n20.low.sche_orion.FQ72.53adb95f\run_config.json,0.2744665155881099,,0.4499118165784832,13.720282186948854,0.0,,,,66.20356768100734,361.0,405.0,low,,,,,,sche_orion,,0.2665172183042848,0.5146233239008647,baseline,,,,,28.242342728081766,,True,0.1048943590091453,15.547767393561786,83,,TSCv1.E1.homogeneous.n20.low.sche_orion.FQ72.53adb95f,0.46843033509700177,Q72,,G1_Q61_Q80,1.906,homogeneous,,,,27.867837691035106,0.9047951186111218,0.8105038222591233,0.059370071887120096,0.3395833018558107
907,3520,,,,0.19870967741935483,770,18.92232258064516,1466,3875,1466,0.764736567553469,C:\Users\99349\Desktop\serverless_sim_game_revision\runs\tscv1_g1_formal_q61_q80_98f822c_20260903\online\homogeneous-low\canonical\TSCv1.E1.homogeneous.n20.low.sche_orion.FQ73.815edc37\run_config.json,0.33743475566619413,,0.16412903225806452,10.439741935483871,0.0,,,,50.78649386084584,268.0,465.0,low,,,,,,sche_orion,,0.22713106138564287,0.4873738992983332,baseline,,,,,34.82397670366547,,True,0.08554525515700441,16.489306207616067,78,,TSCv1.E1.homogeneous.n20.low.sche_orion.FQ73.815edc37,0.7881290322580645,Q73,,G1_Q61_Q80,1.466,homogeneous,,,,34.4124098607085,1.0498861381836997,0.9714690646495331,0.07521204436515373,0.40836180138655687
911,2980,,,,0.15702247191011237,559,15.432865168539326,1345,3560,1345,0.7120169401799894,C:\Users\99349\Desktop\serverless_sim_game_revision\runs\tscv1_g1_formal_q61_q80_98f822c_20260903\online\homogeneous-low\canonical\TSCv1.E1.homogeneous.n20.low.sche_orion.FQ74.feb11c87\run_config.json,0.3891628336286013,,0.38370786516853933,9.857022471910112,0.0,,,,50.70260223048327,276.0,380.0,low,,,,,,sche_orion,,0.3044863186676469,0.513738201829897,baseline,,,,,35.47772405035544,,True,0.06816488054618118,16.402329274748546,66,,TSCv1.E1.homogeneous.n20.low.sche_orion.FQ74.feb11c87,0.6070224719101124,Q74,,G1_Q61_Q80,1.345,homogeneous,,,,36.48760291745999,0.871633538543778,1.665293152720336,0.53939458578825,0.32317525376409495
911,8572,,,,0.2825278810408922,76,23.28252788104089,219,269,219,0.11364815775817333,C:\Users\99349\Desktop\serverless_sim_game_revision\runs\tscv1_g1_formal_q61_q80_98f822c_20260903\online\homogeneous-low\canonical\TSCv1.E1.homogeneous.n20.low.sche_orion.FQ75.4c4551fe\run_config.json,3.811589489244435,,0.0,31.903345724907062,0.0,,,,67.4703196347032,219.0,220.0,low,,,,,,sche_orion,,0.4568135303048895,0.8201597381207709,baseline,,,,,39.47974530603638,,True,0.0008515795557131233,42.461338868707834,175,,TSCv1.E1.homogeneous.n20.low.sche_orion.FQ75.4c4551fe,1.0148698884758365,Q75,,G1_Q61_Q80,0.219,homogeneous,,,,44.56782025908178,0.5688572120111796,2.3059883807384685,3.7492589888745695,0.3983152918361138
940,2723,,,,0.2915500839395635,1042,39.14213766088417,1934,3574,1934,0.995880535530381,C:\Users\99349\Desktop\serverless_sim_game_revision\runs\tscv1_g1_formal_q61_q80_98f822c_20260903\online\homogeneous-low\canonical\TSCv1.E1.homogeneous.n20.low.sche_orion.FQ76.32e908b4\run_config.json,0.21804014282857742,,0.2059317291550084,20.76860660324566,0.0,,,,106.11944157187177,336.0,377.0,low,,,,,,sche_orion,,0.1959935774334744,0.4153876906705468,baseline,,,,,33.012312689818664,,True,0.08358436664250361,4.2806385169927905,22,,TSCv1.E1.homogeneous.n20.low.sche_orion.FQ76.32e908b4,0.921376608841634,Q76,,G1_Q61_Q80,1.934,homogeneous,,,,32.54330134312983,1.0348143888185273,0.8638450141956471,0.03599843815970499,0.3340404236574975
930,3022,,,,0.1598827181786823,927,13.177992411176268,1930,5798,1930,0.9907597535934292,C:\Users\99349\Desktop\serverless_sim_game_revision\runs\tscv1_g1_formal_q61_q80_98f822c_20260903\online\homogeneous-low\canonical\TSCv1.E1.homogeneous.n20.low.sche_orion.FQ77.66871cdf\run_config.json,0.31088051277121115,,0.4275612280096585,11.886340117281822,0.0,,,,72.45233160621761,330.0,440.0,low,,,,,,sche_orion,,0.315760575630173,0.5899141625768968,baseline,,,,,32.4549728427637,,True,0.08568631049292602,21.973305954825463,105,,TSCv1.E1.homogeneous.n20.low.sche_orion.FQ77.66871cdf,0.5203518454639531,Q77,,G1_Q61_Q80,1.93,homogeneous,,,,32.24588969904094,0.8939143632083125,0.9583819700660176,0.07961623406026594,0.3531668797519963
922,2023,,,,0.33675166297117515,1215,28.241962305986696,1873,3608,1873,0.9790904338734971,C:\Users\99349\Desktop\serverless_sim_game_revision\runs\tscv1_g1_formal_q61_q80_98f822c_20260903\online\homogeneous-low\canonical\TSCv1.E1.homogeneous.n20.low.sche_orion.FQ78.cac9169d\run_config.json,0.25450286620833057,,0.25554323725055433,55.88719512195122,0.0,,,,159.97757608115322,579.0,783.0,low,,,,,,sche_orion,,0.3348923994242834,0.46615723832928163,baseline,,,,,31.962099370423722,,True,0.04600298232154747,4.218504966021955,24,,TSCv1.E1.homogeneous.n20.low.sche_orion.FQ78.cac9169d,0.5701219512195121,Q78,,G1_Q61_Q80,1.873,homogeneous,,,,31.656525481295244,1.1155861345807103,1.0348140574656557,0.054451284100528526,0.27925344422879456
910,5061,,,,0.2648468430923109,1271,19.18566367993332,1179,4799,1179,0.605858170606372,C:\Users\99349\Desktop\serverless_sim_game_revision\runs\tscv1_g1_formal_q61_q80_98f822c_20260903\online\homogeneous-low\canonical\TSCv1.E1.homogeneous.n20.low.sche_orion.FQ79.68c9bfa5\run_config.json,0.5806755344174088,,0.3069389456136695,38.14565534486351,0.0,,,,141.7345207803223,607.0,703.0,low,,,,,,sche_orion,,0.44880283209628646,0.6704621627322959,baseline,,,,,39.369281860567135,,True,0.014325330063527139,28.33350462487153,122,,TSCv1.E1.homogeneous.n20.low.sche_orion.FQ79.68c9bfa5,0.6255469889560326,Q79,,G1_Q61_Q80,1.179,homogeneous,,,,40.32818426197401,0.952789394166177,1.4184579979793943,0.930239603921515,0.43700604905396245
939,2215,,,,0.22453102453102453,778,16.26955266955267,1812,3465,1812,0.934020618556701,C:\Users\99349\Desktop\serverless_sim_game_revision\runs\tscv1_g1_formal_q61_q80_98f822c_20260903\online\homogeneous-low\canonical\TSCv1.E1.homogeneous.n20.low.sche_orion.FQ80.696c4380\run_config.json,0.33710279317354785,,0.2608946608946609,22.44011544011544,0.0,,,,74.88576158940397,277.0,310.0,low,,,,,,sche_orion,,0.2511416024504374,0.6026621548324981,baseline,,,,,30.98662840841048,,True,0.07177886575989308,10.778350515463918,62,,TSCv1.E1.homogeneous.n20.low.sche_orion.FQ80.696c4380,0.5945165945165946,Q80,,G1_Q61_Q80,1.812,homogeneous,,,,31.122894839939093,0.9201990807231339,1.225462456508361,0.07819396919543534,0.24719118487350558
994,9940,0.8142857142857143,36.81911468812877,0.2789004985915808,0.6147610921501706,1441,72.95435153583618,1079,2344,1079,0.1556998556998557,C:\Users\99349\Desktop\serverless_sim_game_revision\runs\tscv1_g2_init_d66_d70_3ae7792_20260903\online\canonical\TSCv1.E1.heterogeneous.n20.high.sche_nash.FD66.13d07947\run_config.json,0.5426778289540373,0.0022958214474447032,0.20776450511945393,124.69411262798634,,0.001006036217303823,2.6448692152917506,0.9989939637826962,429.6886005560704,816.0,932.0,high,4.622736418511066,0.001998149027318795,1.1961400995126568,1.6454538605312705,0.9443661971830986,sche_nash,6,0.37878828319102265,0.5529121632630323,ready_warm_init,0.0,0.7032193158953722,0.0030181086519114686,1.7032193158953723,32.318447174632574,0.7186994830037746,True,0.004627277377165322,390.7966810966811,4272,0.0030181086519114686,TSCv1.E1.heterogeneous.n20.high.sche_nash.FD66.13d07947,1.0034129692832765,D66,0.4317907444668008,G2_D66_D70,1.079,heterogeneous,0.12875799807169777,0.8532193158953723,0.3340407970758165,33.30184219790176,0.7893610056617131,1.670238584184071,0.4809289828377633,0.37841147139548537
993,10559,0.8324651955677621,31.98532057960034,0.257083520799955,0.6082677165354331,1236,69.57726377952756,939,2032,939,0.1354978354978355,C:\Users\99349\Desktop\serverless_sim_game_revision\runs\tscv1_g2_init_d66_d70_3ae7792_20260903\online\canonical\TSCv1.E1.heterogeneous.n20.high.sche_nash.FD66.52d27e88\run_config.json,0.627717526956869,0.0024481480585171987,0.21013779527559054,134.73572834645668,,0.0030211480362537764,2.713997985901309,0.9969788519637462,441.42917997870074,854.0,907.0,high,5.80563947633434,0.0013572744637037018,1.3166075134820103,1.6948817436081385,0.9431764371626101,sche_nash,7,0.43274192461722943,0.5562773014377177,ready_finish_init,0.0,0.6606243705941591,0.0010070493454179255,1.660624370594159,31.958640681939748,0.7418899959494291,True,0.0033887559963719388,366.8823953823954,3660,0.002014098690835851,TSCv1.E1.heterogeneous.n20.high.sche_nash.FD66.52d27e88,1.0054133858267718,D66,0.4492849701676295,G2_D66_D70,0.939,heterogeneous,0.12213169271699369,0.8631499194999527,0.3619705946894887,33.24933109921097,0.6521748917066009,1.9454117874065486,0.36041470025369177,0.3629613085326648
989,9790,0.007660878447395302,19.816138917262514,0.3267932575989412,0.7274713271436374,1332,75.92736209721464,898,1831,898,0.12958152958152958,C:\Users\99349\Desktop\serverless_sim_game_revision\runs\tscv1_g2_init_d66_d70_3ae7792_20260903\online\canonical\TSCv1.E1.heterogeneous.n20.high.sche_nash.FD66.6105ce8b\run_config.json,0.6308505391755985,0.004884784744889071,0.2648825778263244,144.6215182960131,,0.0,1.678463094034378,1.0,451.28619153674833,768.0,821.0,high,4.448938321536906,0.0017685795950701541,1.1369500846127325,1.6833915027887756,0.9359550561797753,sche_nash,11,0.35553261740991277,0.5349749082964813,ready_order,0.0,0.6329625884732053,0.0010111223458038423,1.6329625884732053,32.374186480349735,0.6713441280037378,True,0.003154262355604887,397.94357864357863,4422,0.0020222446916076846,TSCv1.E1.heterogeneous.n20.high.sche_nash.FD66.6105ce8b,1.00600764609503,D66,0.45873340143003066,G2_D66_D70,0.898,heterogeneous,0.13047339905853095,0.8559754851889684,0.36766109785202866,33.22543821948541,0.8172219833083245,1.584957468795825,0.4708687608300559,0.3873526269130492
994,23000,0.7808260869565218,26.974217391304347,0.14267195641411387,0.5294117647058824,9,64.29411764705883,12,17,12,0.0017467248908296944,C:\Users\99349\Desktop\serverless_sim_game_revision\runs\tscv1_g2_init_d66_d70_3ae7792_20260903\online\canonical\TSCv1.E1.heterogeneous.n20.high.sche_nash.FD67.27dbd18f\run_config.json,51.0145009358724,0.6195919178853865,0.0,28.529411764705884,,0.002012072434607646,3.022132796780684,0.9979879275653923,103.25,389.0,389.0,high,9.048289738430583,0.0020730692029454823,1.1850155018702575,1.7025493535205074,0.9074782608695652,sche_nash,6,0.332366542894726,0.5276447044309691,ready_warm_init,0.0,0.8380281690140845,0.002012072434607646,1.8380281690140845,41.694416963660196,0.8709404584486847,True,2.2782298789250987e-06,1712.1938864628821,22295,0.013078470824949699,TSCv1.E1.heterogeneous.n20.high.sche_nash.FD67.27dbd18f,1.1764705882352942,D67,0.4187391304347826,G2_D66_D70,0.012,heterogeneous,0.06351791530944625,0.8550869565217392,0.3202318604769411,44.48519651064665,0.6509801867863406,2.122248109527256,1.8605210385361899,0.5410097884250724
994,23029,0.020582743497329452,19.389031221503323,0.1424407056642841,0.6470588235294118,11,70.76470588235294,12,17,12,0.0017467248908296944,C:\Users\99349\Desktop\serverless_sim_game_revision\runs\tscv1_g2_init_d66_d70_3ae7792_20260903\online\canonical\TSCv1.E1.heterogeneous.n20.high.sche_nash.FD67.28665478\run_config.json,51.044901529947914,0.620823193183449,0.0,37.8235294117647,,0.0,2.1227364185110664,1.0,119.66666666666667,430.0,430.0,high,9.0523138832998,0.0020280806386950108,1.185432638017946,1.6995280320906618,0.9075947718094577,sche_nash,6,0.33203043227399487,0.5280472383628055,ready_order,0.0,0.7977867203219315,0.002012072434607646,1.7977867203219315,41.68696056910782,0.8712575476034428,True,1.9645165046150642e-06,1711.1016011644833,22266,0.04527162977867203,TSCv1.E1.heterogeneous.n20.high.sche_nash.FD67.28665478,1.1764705882352942,D67,0.42307525294194276,G2_D66_D70,0.012,heterogeneous,0.06344300296880719,0.8552694428763733,0.325446791226645,44.484410633768135,0.6497874731785404,2.12592105633779,1.8620085228001082,0.5406923946408113
994,22951,0.7334756655483421,27.60454882140212,0.14210979618766117,0.75,9,81.83333333333333,10,12,10,0.001455604075691412,C:\Users\99349\Desktop\serverless_sim_game_revision\runs\tscv1_g2_init_d66_d70_3ae7792_20260903\online\canonical\TSCv1.E1.heterogeneous.n20.high.sche_nash.FD67.d014d931\run_config.json,61.186859130859375,0.6162150894279891,0.0,13.583333333333334,,0.005030181086519115,3.0211267605633805,0.9949698189134809,100.3,231.0,231.0,high,9.0523138832998,0.0019909534944852706,1.181896657722124,1.698779767805972,0.9072807285085617,sche_nash,6,0.3309246775097809,0.527463063989912,ready_finish_init,0.0,0.7927565392354124,0.006036217303822937,1.7927565392354126,41.7150234066008,0.8714639765800181,True,1.629449504751454e-06,1715.9257641921397,22344,0.05030181086519115,TSCv1.E1.heterogeneous.n20.high.sche_nash.FD67.d014d931,1.25,D67,0.4236416713868677,G2_D66_D70,0.01,heterogeneous,0.06364489412916649,0.8547775696048102,0.32572127637883574,44.49328709949279,0.6536877261393003,2.1158395562004273,1.8580727228121758,0.5419612980012015
997,28882,0.9043695034969877,31.74118828335988,0.1242619719428916,0.5403225806451613,67,88.74193548387096,35,124,35,0.005147058823529412,C:\Users\99349\Desktop\serverless_sim_game_revision\runs\tscv1_g2_init_d66_d70_3ae7792_20260903\online\canonical\TSCv1.E1.heterogeneous.n20.high.sche_nash.FD68.29a822d8\run_config.json,20.00978829520089,0.6129042976511028,0.0,45.29838709677419,,0.017051153460381142,3.83049147442327,0.9829488465396189,185.54285714285714,459.0,576.0,high,10.494483450351053,0.0023725689960148694,1.3686863215914018,1.7324456267688804,0.96918495949034,sche_nash,3,0.41145711740281105,0.6407111597438628,ready_finish_init,0.0,0.9087261785356068,0.003009027081243731,1.9087261785356069,39.27653347155648,0.8943891511162961,True,9.427169388633743e-06,739.3429411764706,9693,0.022066198595787363,TSCv1.E1.heterogeneous.n20.high.sche_nash.FD68.29a822d8,1.0241935483870968,D68,0.3380652309396856,G2_D66_D70,0.035,heterogeneous,0.2269478868338642,0.820891904992729,0.193639546163904,43.435053344149644,0.6453490738782944,2.2788663259768334,2.9918602987181937,0.4668576378460679
997,29129,0.837550207696797,30.12300456589653,0.13090422013311234,0.4088669950738916,83,45.97536945812808,47,203,47,0.006911764705882353,C:\Users\99349\Desktop\serverless_sim_game_revision\runs\tscv1_g2_init_d66_d70_3ae7792_20260903\online\canonical\TSCv1.E1.heterogeneous.n20.high.sche_nash.FD68.664ab773\run_config.json,14.87175604637633,0.6238777009989157,0.04926108374384237,34.50246305418719,,0.007021063189568706,3.688064192577733,0.9929789368104313,203.59574468085106,510.0,528.0,high,10.24272818455366,0.002220576469614276,1.3371969523275564,1.6666671313137484,0.9694462563081465,sche_nash,3,0.3964179163372171,0.6406349978955572,ready_warm_init,0.0,0.9197592778335005,0.003009027081243731,1.9197592778335004,39.143375552438464,0.8878114307549599,True,1.552268728992379e-05,724.31,9445,0.022066198595787363,TSCv1.E1.heterogeneous.n20.high.sche_nash.FD68.664ab773,1.0049261083743843,D68,0.35974458443475577,G2_D66_D70,0.047,heterogeneous,0.2254779441091228,0.822547976243606,0.22161936560934892,43.48180282371715,0.6671319616054129,2.221668547416651,3.2550339548702563,0.4711435288676821
995,28771,0.15866671300962776,23.966042195266066,0.12569464830854085,0.19814241486068113,64,19.687306501547987,57,323,57,0.008382352941176471,C:\Users\99349\Desktop\serverless_sim_game_revision\runs\tscv1_g2_init_d66_d70_3ae7792_20260903\online\canonical\TSCv1.E1.heterogeneous.n20.high.sche_nash.FD68.fa4850de\run_config.json,12.437027780633224,0.6233775505389441,0.018575851393188854,19.795665634674922,,0.0,2.7809045226130653,1.0,154.21052631578948,507.0,548.0,high,10.639195979899498,0.002203128595665015,1.3619165176820993,1.6643744724530471,0.9690660734767648,sche_nash,5,0.3903572169337434,0.649827987284114,ready_order,0.0,0.9155778894472362,0.0,1.9155778894472362,39.32105233117299,0.8929984991646406,True,2.971968704246316e-05,742.5627941176471,9802,0.01407035175879397,TSCv1.E1.heterogeneous.n20.high.sche_nash.FD68.fa4850de,1.0123839009287925,D68,0.3371797991032637,G2_D66_D70,0.057,heterogeneous,0.2276241610738255,0.8203746828403601,0.19205185781468456,43.423991282164984,0.6508889385169823,2.2633661622362355,2.957904537185992,0.4674423971707661
995,18284,0.9148982717129731,48.119995624589805,0.10739899582778242,0.2488558352402746,435,20.689931350114417,599,1748,599,0.0883350538268692,C:\Users\99349\Desktop\serverless_sim_game_revision\runs\tscv1_g2_init_d66_d70_3ae7792_20260903\online\canonical\TSCv1.E1.heterogeneous.n20.high.sche_nash.FD69.3a779af7\run_config.json,1.1801764945155988,0.1885238418765521,0.12585812356979406,32.30949656750572,,0.010050251256281407,3.375879396984925,0.9899497487437185,157.95659432387313,401.0,494.0,high,10.28643216080402,0.0021702641604978016,1.5652272667852662,1.6545324649696824,0.9759352439291183,sche_nash,5,0.4203506819340863,0.6526070014093667,ready_finish_init,0.0,0.857286432160804,0.0020100502512562816,1.857286432160804,38.37539171384946,0.9007623094315163,True,0.0032132321259468583,1575.683822445067,19639,0.03015075376884422,TSCv1.E1.heterogeneous.n20.high.sche_nash.FD69.3a779af7,1.0028604118993134,D69,0.21417632903084663,G2_D66_D70,0.599,heterogeneous,0.3653812779841033,0.8837234740756946,0.11078103725708627,40.520167251354074,0.5510455085552644,2.2403960974132744,0.873948783935385,0.41852306638966763
995,18010,0.8392004441976679,46.80955024986119,0.10558292566261346,0.23423044575273338,557,18.691337258200168,808,2378,808,0.11915646659784693,C:\Users\99349\Desktop\serverless_sim_game_revision\runs\tscv1_g2_init_d66_d70_3ae7792_20260903\online\canonical\TSCv1.E1.heterogeneous.n20.high.sche_nash.FD69.ce6161cf\run_config.json,0.8742647076597309,0.19396995881909523,0.1190075693860387,33.07611438183347,,0.020100502512562814,3.2241206030150753,0.9798994974874372,155.59529702970298,435.0,506.0,high,10.354773869346733,0.001956949154362519,1.5792463745141525,1.667733295236211,0.9755691282620766,sche_nash,5,0.4261042138470567,0.6529156922548779,ready_warm_init,0.0,0.8562814070351759,0.0020100502512562816,1.8562814070351759,38.304455054779304,0.9024263276352957,True,0.005939801717853987,1583.421324288453,19916,0.021105527638190954,TSCv1.E1.heterogeneous.n20.high.sche_nash.FD69.ce6161cf,1.0021026072329688,D69,0.21776790671848972,G2_D66_D70,0.808,heterogeneous,0.3688895118617935,0.8818989450305386,0.11301391424793805,40.42066169380811,0.542277350272158,2.25215221015299,0.8228147675601785,0.41648183139677114
995,18535,0.04909630428918263,33.26927434583221,0.10287286067056907,0.26187961985216474,496,21.834741288278774,644,1894,644,0.09497124317947206,C:\Users\99349\Desktop\serverless_sim_game_revision\runs\tscv1_g2_init_d66_d70_3ae7792_20260903\online\canonical\TSCv1.E1.heterogeneous.n20.high.sche_nash.FD69.e81c8a39\run_config.json,1.0918907023364712,0.25736192102333727,0.13780359028511088,36.41077085533263,,0.0020100502512562816,2.295477386934673,0.9979899497487437,174.444099378882,432.0,579.0,high,10.671356783919599,0.002068341407732496,1.5915093618392089,1.626758684642816,0.9762611275964391,sche_nash,5,0.4368447101840152,0.6479836899579646,ready_order,0.0,0.8562814070351759,0.0020100502512562816,1.8562814070351759,38.2904997936503,0.9055924886204996,True,0.0033810408311611743,1554.9594455095119,19390,0.02814070351758794,TSCv1.E1.heterogeneous.n20.high.sche_nash.FD69.e81c8a39,1.0036958817317845,D69,0.21623954680334503,G2_D66_D70,0.644,heterogeneous,0.36222558667676,0.8854059886700836,0.11480104807750899,40.47714757031754,0.5302918612876606,2.286686502906361,0.8421850000731477,0.4119310069701599
993,11135,0.30884598114054784,21.285047148630444,0.3658324990975225,0.23835616438356164,87,29.695890410958903,49,365,49,0.007064590542099193,C:\Users\99349\Desktop\serverless_sim_game_revision\runs\tscv1_g2_init_d66_d70_3ae7792_20260903\online\canonical\TSCv1.E1.heterogeneous.n20.high.sche_nash.FD70.28e51d4d\run_config.json,14.470696896922831,0.19406930542244444,0.03287671232876712,32.43835616438356,,0.0010070493454179255,2.5488418932527694,0.998992950654582,184.10204081632654,600.0,635.0,high,4.875125881168177,0.0006574142088262263,0.9886005637452147,1.307456963646824,0.9850920520880108,sche_nash,7,0.2513153060414925,0.6348319185484974,ready_warm_init,0.0,0.7119838872104733,0.0,1.7119838872104733,35.0230231779704,0.6332535923263338,True,1.8392807704272195e-05,616.5337370242214,8473,0.06445115810674723,TSCv1.E1.heterogeneous.n20.high.sche_nash.FD70.28e51d4d,1.0027397260273974,D70,0.1964077233947014,G2_D66_D70,0.049,heterogeneous,0.5606455176767676,0.8304445442299057,0.032334811290148154,37.686564441984096,0.8143174495994643,1.7053789302218265,2.1937704813186705,0.4212908213723118
991,11115,0.3412505623031939,21.423031938821413,0.3648362310860495,0.2564841498559078,89,33.731988472622476,47,347,47,0.006776239907727797,C:\Users\99349\Desktop\serverless_sim_game_revision\runs\tscv1_g2_init_d66_d70_3ae7792_20260903\online\canonical\TSCv1.E1.heterogeneous.n20.high.sche_nash.FD70.5f7f89fb\run_config.json,15.079752171293219,0.1949625817510026,0.043227665706051875,34.080691642651296,,0.0,2.577194752774975,1.0,204.93617021276594,654.0,660.0,high,4.919273461150353,0.0006174984818391392,0.9764988367017182,1.285845124244261,0.9850652271704903,sche_nash,9,0.24259065724216855,0.6346819573697257,ready_finish_init,0.0,0.722502522704339,0.0,1.7225025227043391,35.04604130726487,0.6342574623660144,True,1.520845292360066e-05,618.5320069204153,8493,0.04944500504540868,TSCv1.E1.heterogeneous.n20.high.sche_nash.FD70.5f7f89fb,1.005763688760807,D70,0.198110661268556,G2_D66_D70,0.047,heterogeneous,0.5613481194995856,0.8302294197031039,0.034135240572171655,37.673555193792524,0.8178470685092705,1.6916613830621319,2.173662031806275,0.41996318176690384
994,11260,0.017317939609236235,15.744404973357016,0.3638776974011457,0.14834205933682373,85,19.092495636998255,72,573,72,0.010380622837370242,C:\Users\99349\Desktop\serverless_sim_game_revision\runs\tscv1_g2_init_d66_d70_3ae7792_20260903\online\canonical\TSCv1.E1.heterogeneous.n20.high.sche_nash.FD70.f7735872\run_config.json,9.821288214789497,0.18791905346592858,0.02443280977312391,17.43280977312391,,0.0,1.892354124748491,1.0,119.77777777777777,534.0,714.0,high,4.780684104627767,0.0007313148923938218,1.007951165554916,1.2922762735195947,0.9852575488454707,sche_nash,6,0.2726866122879932,0.6331881560789913,ready_order,0.0,0.7303822937625755,0.0030181086519114686,1.7303822937625755,35.061211961200776,0.6349136261001468,True,6.120512496889674e-05,611.3848039215686,8348,0.04929577464788732,TSCv1.E1.heterogeneous.n20.high.sche_nash.FD70.f7735872,1.0017452006980803,D70,0.19689165186500887,G2_D66_D70,0.072,heterogeneous,0.5548703352308665,0.8317939609236235,0.03448644031603673,37.785105572627664,0.8115649291031314,1.7137950361992496,2.2446060700703176,0.42294260029338604
979,5464,0.40830893118594436,26.637994143484626,0.18697494774917756,0.13549094898518924,494,8.071036752605595,1208,3646,1208,0.6391534391534391,C:\Users\99349\Desktop\serverless_sim_game_revision\runs\tscv1_g2_init_d66_d70_3ae7792_20260903\online\canonical\TSCv1.E1.heterogeneous.n20.low.sche_nash.FD66.3dce1cd7\run_config.json,0.47703688665731064,0.018166929826182676,0.012342292923752057,15.783598464070215,,0.0,2.4790602655771194,1.0,64.65149006622516,322.0,436.0,low,3.6802860061287026,0.0007754115489643962,1.1081563778179677,1.7114929141883095,0.9705344070278185,sche_nash,21,0.3548966840880863,0.5418850633749945,ready_finish_init,0.0,0.5250255362614913,0.0010214504596527069,1.5250255362614913,38.25641925547866,0.7998478900843012,True,0.039168454312906865,344.78201058201057,922,0.04698672114402452,TSCv1.E1.heterogeneous.n20.low.sche_nash.FD66.3dce1cd7,1.0019199122325837,D66,0.1619692532942899,G2_D66_D70,1.208,heterogeneous,0.4504123918728626,0.9288067349926794,0.09773399014778325,38.98935349340146,0.8253367234165965,1.4400268352507324,0.5168895496645817,0.39864580156513396
977,5457,0.41542972329118566,26.84313725490196,0.18587772235539188,0.13344407530454042,482,8.538205980066445,1200,3612,1200,0.6349206349206349,C:\Users\99349\Desktop\serverless_sim_game_revision\runs\tscv1_g2_init_d66_d70_3ae7792_20260903\online\canonical\TSCv1.E1.heterogeneous.n20.low.sche_nash.FD66.756b876b\run_config.json,0.47172195434570313,0.017449572446520716,0.01273532668881506,12.815891472868216,,0.0,2.5005117707267144,1.0,57.035,280.0,369.0,low,3.671443193449335,0.0007120898080377831,1.0884499950754267,1.7041409104237828,0.9704966098588969,sche_nash,23,0.35034949590025544,0.5323394891758297,ready_warm_init,0.0,0.5363357215967247,0.0,1.5363357215967246,38.344520741861686,0.8018444666380583,True,0.044601936084246896,348.14550264550263,929,0.03991811668372569,TSCv1.E1.heterogeneous.n20.low.sche_nash.FD66.756b876b,1.0044296788482836,D66,0.16199376947040497,G2_D66_D70,1.2,heterogeneous,0.4507297433316558,0.9287154113982041,0.09767166535122336,38.99292479947261,0.8430425214400457,1.399279146103145,0.4973282705988207,0.4051610539225796
977,5453,0.059600220062351,18.818448560425455,0.174755426192567,0.15013550135501355,554,9.942818428184282,1193,3690,1193,0.6312169312169312,C:\Users\99349\Desktop\serverless_sim_game_revision\runs\tscv1_g2_init_d66_d70_3ae7792_20260903\online\canonical\TSCv1.E1.heterogeneous.n20.low.sche_nash.FD66.91404b97\run_config.json,0.4799459861889669,0.0232782103825793,0.01707317073170732,18.40487804878049,,0.0,1.7697031729785055,1.0,77.18776194467729,317.0,461.0,low,3.737973387922211,0.0007391456495376487,1.1129085062301907,1.7194850306084195,0.9704749679075738,sche_nash,23,0.35485017656139495,0.5375105249157432,ready_order,0.0,0.5312180143295804,0.0,1.5312180143295804,38.26235098972597,0.8120408302137836,True,0.032203244612945055,344.84867724867723,939,0.006141248720573183,TSCv1.E1.heterogeneous.n20.low.sche_nash.FD66.91404b97,1.0048780487804878,D66,0.16137905739959654,G2_D66_D70,1.193,heterogeneous,0.45091128788641627,0.9275628094626811,0.09588770264926849,38.98969568874821,0.8105894118129343,1.469525516842038,0.4656586265255388,0.3972503092176167
963,4193,0.664440734557596,18.27975196756499,0.11870207701694871,0.5785714285714286,324,49.9125,470,560,470,0.24466423737636647,C:\Users\99349\Desktop\serverless_sim_game_revision\runs\tscv1_g2_init_d66_d70_3ae7792_20260903\online\canonical\TSCv1.E1.heterogeneous.n20.low.sche_nash.FD67.26701579\run_config.json,1.1383433240525267,0.19312618593597594,0.08571428571428572,77.61428571428571,,0.0010384215991692627,2.398753894080997,0.9989615784008308,148.52978723404254,398.0,464.0,low,3.4807892004153684,0.0004381159326343654,0.9267634953769319,1.5036936168906059,0.934652993083711,sche_nash,37,0.19878771410814022,0.4535109940531939,ready_finish_init,0.0,0.3509865005192108,0.0,1.3509865005192108,35.483859040360166,0.8553609789171226,True,0.0027797838925983018,553.4252993232691,1700,0.04776739356178609,TSCv1.E1.heterogeneous.n20.low.sche_nash.FD67.26701579,1.0160714285714285,D67,0.4400190794180778,G2_D66_D70,0.47,heterogeneous,0.6437855747175262,0.8182685428094443,0.31565141358204607,35.803923184053446,0.9028014337464957,1.450747353690011,0.11868115668760613,0.3465627639519125
956,4445,0.07604049493813274,12.36265466816648,0.11921936402430483,0.5453194650817236,367,47.676077265973255,460,673,460,0.2394586153045289,C:\Users\99349\Desktop\serverless_sim_game_revision\runs\tscv1_g2_init_d66_d70_3ae7792_20260903\online\canonical\TSCv1.E1.heterogeneous.n20.low.sche_nash.FD67.7ab3783f\run_config.json,1.1645056683084238,0.16001465890150102,0.07429420505200594,78.56760772659733,,0.0,1.6401673640167365,1.0,170.56521739130434,412.0,497.0,low,3.6349372384937237,0.0005339191990984685,0.8892525393875155,1.447702902226936,0.9383577052868391,sche_nash,44,0.22422463011145113,0.45319468855158757,ready_order,0.0,0.38598326359832635,0.0,1.3859832635983265,35.864309267144904,0.8613185825578542,True,0.0023159317289662995,510.320145757418,1449,0.009414225941422594,TSCv1.E1.heterogeneous.n20.low.sche_nash.FD67.7ab3783f,1.011887072808321,D67,0.34240719910011247,G2_D66_D70,0.46,heterogeneous,0.5914522058823529,0.8382452193475816,0.21551261406333871,36.2843316660689,0.8589173939619611,1.47146605478497,0.15717648574373444,0.34970258990275443
963,4403,0.5925505337270043,17.62389280036339,0.12900281329466867,0.5914332784184514,359,48.43657331136738,491,607,491,0.2555960437272254,C:\Users\99349\Desktop\serverless_sim_game_revision\runs\tscv1_g2_init_d66_d70_3ae7792_20260903\online\canonical\TSCv1.E1.heterogeneous.n20.low.sche_nash.FD67.abe31d3f\run_config.json,1.1010144266722888,0.16586730382404163,0.05930807248764415,80.02635914332784,,0.0,2.3935617860851504,1.0,154.5437881873727,397.0,472.0,low,3.5160955347871234,0.00047041940825388233,0.8871911741447743,1.4125594750212562,0.9377697024755848,sche_nash,37,0.21981920779380412,0.4583181843035526,ready_warm_init,0.0,0.37590861889927313,0.0,1.375908618899273,35.784359445036905,0.848607908683069,True,0.0028856053135984786,519.8833940655909,1490,0.01142263759086189,TSCv1.E1.heterogeneous.n20.low.sche_nash.FD67.abe31d3f,2.400329489291598,D67,0.34272087213263686,G2_D66_D70,0.491,heterogeneous,0.5660786439341677,0.8351124233477175,0.21294533587163447,36.1885708729408,0.8654003613731034,1.4499098901420513,0.17194757706569133,0.3522454399582529
974,4093,0.5956511116540435,27.977522599560224,0.19506261586249166,0.2473273620340942,856,25.78994510257151,1651,3461,1651,0.8541127780651836,C:\Users\99349\Desktop\serverless_sim_game_revision\runs\tscv1_g2_init_d66_d70_3ae7792_20260903\online\canonical\TSCv1.E1.heterogeneous.n20.low.sche_nash.FD68.36a24f38\run_config.json,0.357232484869492,0.04913646031117384,0.07425599537705865,22.666281421554466,,0.0,2.4260780287474333,1.0,92.38279830405814,430.0,471.0,low,2.991786447638604,0.00048727710974322865,1.0867201668638558,1.5574294098236727,0.9938920107500611,sche_nash,26,0.31324269607342364,0.5339978580902254,ready_finish_init,0.0,0.3675564681724846,0.0,1.3675564681724846,36.539947090363285,0.785880453824531,True,0.050027064009312734,184.04552509053286,456,0.015400410677618069,TSCv1.E1.heterogeneous.n20.low.sche_nash.FD68.36a24f38,1.0026004045073678,D68,0.23479110676765208,G2_D66_D70,1.651,heterogeneous,0.4832723141017548,0.8859027608111409,0.13623827909542197,36.32970226035268,1.0004709107701655,1.0339086329823393,0.1373984087086539,0.3810809961040708
972,4145,0.06586248492159227,17.993003618817852,0.1715521265261675,0.24169361952366952,822,25.517494854454572,1585,3401,1585,0.8199689601655458,C:\Users\99349\Desktop\serverless_sim_game_revision\runs\tscv1_g2_init_d66_d70_3ae7792_20260903\online\canonical\TSCv1.E1.heterogeneous.n20.low.sche_nash.FD68.68e44a4e\run_config.json,0.3706620369799882,0.04510598963955631,0.06498088797412525,18.027050867391942,,0.0,1.6224279835390947,1.0,85.97160883280758,369.0,464.0,low,3.146090534979424,0.0005274770050236965,1.069702940847527,1.4926620559252357,0.9939686369119421,sche_nash,28,0.3079427068867781,0.5305264293773415,ready_order,0.0,0.411522633744856,0.0,1.4115226337448559,36.60391280170804,0.8096300182641631,True,0.049738891761284036,177.56233833419554,441,0.00205761316872428,TSCv1.E1.heterogeneous.n20.low.sche_nash.FD68.68e44a4e,1.0705674801528962,D68,0.2482509047044632,G2_D66_D70,1.585,heterogeneous,0.4474806718208478,0.8866103739445115,0.15210884353741497,36.45701110342875,0.9832034404660307,1.0905990009428652,0.12693414347877707,0.38123156000894864
971,4219,0.5641147191277553,29.091016828632377,0.19601906076670542,0.24085850556438793,909,25.31425543190249,1722,3774,1722,0.8908432488360062,C:\Users\99349\Desktop\serverless_sim_game_revision\runs\tscv1_g2_init_d66_d70_3ae7792_20260903\online\canonical\TSCv1.E1.heterogeneous.n20.low.sche_nash.FD68.f2effbe5\run_config.json,0.3404290424129827,0.03210637052760895,0.06995230524642289,21.511393746687865,,0.0,2.477857878475798,1.0,94.84378629500581,404.0,488.0,low,3.051493305870237,0.0006409794982310165,1.0630489736043789,1.5361573628818121,0.9940744252192463,sche_nash,29,0.3210355864321919,0.53085435071376,ready_warm_init,0.0,0.43357363542739447,0.0,1.4335736354273945,36.78019462589066,0.787152303246334,True,0.053333202265833886,162.58199689601656,424,0.01132852729145211,TSCv1.E1.heterogeneous.n20.low.sche_nash.FD68.f2effbe5,1.0657127715951245,D68,0.2427115430196729,G2_D66_D70,1.722,heterogeneous,0.4442834562697576,0.8885991941218299,0.1477727393971726,36.58522506708442,0.9971342419639926,1.0489337644211967,0.14346982568274116,0.3902388854130209
976,5284,0.03671461014383043,14.613928841786525,0.16853061915720044,0.3096754625417046,1021,35.251440703670006,1437,3297,1437,0.744559585492228,C:\Users\99349\Desktop\serverless_sim_game_revision\runs\tscv1_g2_init_d66_d70_3ae7792_20260903\online\canonical\TSCv1.E1.heterogeneous.n20.low.sche_nash.FD69.051fe361\run_config.json,0.34403134786012524,4.585508227540091e-05,0.08098271155595996,29.62238398544131,,0.0,1.5430327868852458,1.0,151.24217118997913,356.0,558.0,low,3.8329918032786887,0.0005135318196323507,1.0577442840450775,1.378496549876913,0.9504163512490538,sche_nash,24,0.27971211887058545,0.4487061496537763,ready_order,0.0,0.40061475409836067,0.0,1.4006147540983607,33.377515906551224,0.8156712930522616,True,0.027617594444583966,458.5538860103627,1389,0.0,TSCv1.E1.heterogeneous.n20.low.sche_nash.FD69.051fe361,1.002729754322111,D69,0.28103709311127933,G2_D66_D70,1.437,heterogeneous,0.3516564417177914,0.8832323996971991,0.1859867152346261,33.64726979149552,0.8040004608691596,1.255089883564955,0.17105966140764575,0.3523952926281363
975,5293,0.6708860759493671,22.573776686189305,0.16713874957397729,0.3104219948849105,971,35.674872122762146,1408,3128,1408,0.7295336787564767,C:\Users\99349\Desktop\serverless_sim_game_revision\runs\tscv1_g2_init_d66_d70_3ae7792_20260903\online\canonical\TSCv1.E1.heterogeneous.n20.low.sche_nash.FD69.6006c5a3\run_config.json,0.3505721959200772,3.386136083167779e-05,0.07384910485933503,29.05242966751918,,0.0010256410256410256,2.45025641025641,0.9989743589743589,146.0994318181818,348.0,467.0,low,3.8697435897435897,0.0005381644167173457,1.0612271677268237,1.3820688699349415,0.9505006612507085,sche_nash,25,0.27875353547250925,0.4480397441767477,ready_finish_init,0.0,0.4235897435897436,0.0,1.4235897435897436,33.37299904353944,0.8175953409491832,True,0.02749012147039323,456.16891191709846,1386,0.009230769230769232,TSCv1.E1.heterogeneous.n20.low.sche_nash.FD69.6006c5a3,1.0028772378516624,D69,0.28150387303986396,G2_D66_D70,1.408,heterogeneous,0.35126853781100625,0.8832420177593048,0.186524064171123,33.65240303131801,0.7997493305617102,1.2630572723245521,0.16725756533625896,0.3511616528743655
975,5293,0.6041942187795202,22.39656149631589,0.16713874957397729,0.3104219948849105,971,35.674872122762146,1408,3128,1408,0.7295336787564767,C:\Users\99349\Desktop\serverless_sim_game_revision\runs\tscv1_g2_init_d66_d70_3ae7792_20260903\online\canonical\TSCv1.E1.heterogeneous.n20.low.sche_nash.FD69.bd6d8e56\run_config.json,0.3505721959200772,3.386136083167779e-05,0.07384910485933503,29.05242966751918,,0.0010256410256410256,2.3384615384615386,0.9989743589743589,146.0994318181818,348.0,467.0,low,3.8697435897435897,0.0005325014522899348,1.0612271677268237,1.3820648573137695,0.9505006612507085,sche_nash,25,0.27875353547250925,0.4480397441767477,ready_warm_init,0.0,0.4256410256410256,0.0,1.4256410256410257,33.37299898804507,0.8175953410617935,True,0.02749012147039323,456.16891191709846,1386,0.0010256410256410256,TSCv1.E1.heterogeneous.n20.low.sche_nash.FD69.bd6d8e56,1.0028772378516624,D69,0.28150387303986396,G2_D66_D70,1.408,heterogeneous,0.35126853781100625,0.8832420177593048,0.186524064171123,33.652402959247404,0.7997493300211805,1.2630572702975664,0.16725756530247587,0.35116165235635804
966,3820,0.6285340314136125,22.164921465968586,0.1870568465548738,0.5554016620498615,1203,63.17497691597415,1201,2166,1201,0.630115424973767,C:\Users\99349\Desktop\serverless_sim_game_revision\runs\tscv1_g2_init_d66_d70_3ae7792_20260903\online\canonical\TSCv1.E1.heterogeneous.n20.low.sche_nash.FD70.712f20ca\run_config.json,0.4391050569024511,0.0333048956203567,0.1657433056325023,44.11218836565097,,0.0,2.2215320910973086,1.0,185.07327227310574,708.0,750.0,low,2.9244306418219463,0.0003806107297984741,0.9026905547910374,1.597258625635926,0.9348167539267016,sche_nash,34,0.19178626160823922,0.4679690842339715,ready_warm_init,0.0,0.2784679089026915,0.0,1.2784679089026916,35.80964211818436,0.7854562388664765,True,0.01477851732287261,175.46904512067155,429,0.039337474120082816,TSCv1.E1.heterogeneous.n20.low.sche_nash.FD70.712f20ca,1.0036934441366574,D70,0.48455497382198953,G2_D66_D70,1.201,heterogeneous,0.22672064777327935,0.8136125654450261,0.3664736164736165,35.75661436949725,0.9466974223939536,1.1587549187750092,0.10800893816734104,0.3730939747268305
963,3835,0.06936114732724902,14.506127770534551,0.18388216582550684,0.5533890436397401,1192,64.04874651810584,1170,2154,1170,0.6138509968520461,C:\Users\99349\Desktop\serverless_sim_game_revision\runs\tscv1_g2_init_d66_d70_3ae7792_20260903\online\canonical\TSCv1.E1.heterogeneous.n20.low.sche_nash.FD70.8ab554a3\run_config.json,0.45095042693309295,0.03352093278169948,0.16341689879294335,44.08217270194986,,0.0,1.4610591900311527,1.0,190.99059829059829,712.0,756.0,low,2.9543094496365523,0.00033292948219148567,0.905853436949919,1.5951586583913382,0.9350717079530639,sche_nash,37,0.19219961834909766,0.46829171288206595,ready_order,0.0,0.24402907580477673,0.0020768431983385254,1.2440290758047767,35.80836615630825,0.7900422101225971,True,0.013584544167281234,173.34260230849947,418,0.030114226375908618,TSCv1.E1.heterogeneous.n20.low.sche_nash.FD70.8ab554a3,1.0037140204271124,D70,0.4816166883963494,G2_D66_D70,1.17,heterogeneous,0.2260343087790111,0.8140808344198175,0.3632286995515695,35.76684161339154,0.942373047331943,1.1700143255031092,0.10264514472964507,0.371810781955719
962,3813,0.6309992132179386,24.20613690007868,0.20832080387581436,0.4679193400549954,1021,56.500458295142074,1257,2182,1257,0.6594963273871983,C:\Users\99349\Desktop\serverless_sim_game_revision\runs\tscv1_g2_init_d66_d70_3ae7792_20260903\online\canonical\TSCv1.E1.heterogeneous.n20.low.sche_nash.FD70.9f2e212d\run_config.json,0.41818715583358196,0.030871917776237816,0.12144821264894592,29.73968835930339,,0.0,2.286902286902287,1.0,145.95226730310262,546.0,668.0,low,2.8284823284823286,0.0004255192170258975,0.8731637489013501,1.5203648596071928,0.9346970889063729,sche_nash,38,0.18748876710751103,0.4650588579888559,ready_finish_init,0.0,0.3295218295218295,0.0,1.3295218295218296,35.778212372474464,0.7620542517037896,True,0.020594618052053742,171.05351521511017,414,0.033264033264033266,TSCv1.E1.heterogeneous.n20.low.sche_nash.FD70.9f2e212d,1.005499541704858,D70,0.47285601888276946,G2_D66_D70,1.257,heterogeneous,0.22672885824376393,0.8143194335169158,0.3526570048309179,35.66836628637506,0.9601979566439537,1.101132725922104,0.1271257496549232,0.3779065818720029
975,7515,0.6183632734530938,26.41902860944777,0.1967952015112617,0.20759403832505324,585,21.750887154009938,746,2818,746,0.29685634699562274,C:\Users\99349\Desktop\serverless_sim_game_revision\runs\tscv1_g2_init_d66_d70_3ae7792_20260903\online\canonical\TSCv1.E1.heterogeneous.n20.middle.sche_nash.FD66.13c04548\run_config.json,0.6950047060887232,0.009373681135141029,0.11142654364797729,22.43789921930447,,0.0,2.646153846153846,1.0,170.88069705093835,587.0,644.0,middle,4.593846153846154,0.0012958617214803155,1.0105958118780713,1.299849879297509,0.9761809713905523,sche_nash,25,0.23567073296228647,0.4872482108261118,ready_finish_init,0.0,0.6276923076923077,0.0,1.6276923076923078,37.08534287422876,0.7953652866844011,True,0.006281423503627893,651.3438121766812,2411,0.012307692307692308,TSCv1.E1.heterogeneous.n20.middle.sche_nash.FD66.13c04548,1.003903477643719,D66,0.2838323353293413,G2_D66_D70,0.746,heterogeneous,0.4641711229946524,0.8771789753825682,0.18355582524271843,37.651690589057075,0.7217329212013912,1.3810833991961882,0.39772604774220305,0.4907288911099919
975,7740,0.03850129198966408,19.80594315245478,0.15460286787121488,0.22954977805960686,724,23.070386810399494,832,3154,832,0.3310783923597294,C:\Users\99349\Desktop\serverless_sim_game_revision\runs\tscv1_g2_init_d66_d70_3ae7792_20260903\online\canonical\TSCv1.E1.heterogeneous.n20.middle.sche_nash.FD66.14a278a6\run_config.json,0.6529091321505033,0.008145102355340423,0.1109701965757768,32.596385542168676,,0.0,1.8205128205128205,1.0,215.01923076923077,621.0,715.0,middle,5.093333333333334,0.0010125562213697018,1.0724098502871284,1.387082199709976,0.9768733850129199,sche_nash,25,0.25061142052819685,0.5119127591014,ready_order,0.0,0.6164102564102564,0.0020512820512820513,1.6164102564102565,37.073167338112526,0.8373958599967858,True,0.005926431641456779,612.7743732590529,2188,0.0,TSCv1.E1.heterogeneous.n20.middle.sche_nash.FD66.14a278a6,1.0034876347495245,D66,0.2520671834625323,G2_D66_D70,0.832,heterogeneous,0.4568421052631579,0.8861757105943152,0.15599941682461,37.7802433506771,0.6812367280208788,1.5066022232290386,0.3514767641494007,0.4697664253047886
976,7558,0.5719767134162477,26.070388991796772,0.18471007317907914,0.2,552,20.939855072463768,731,2760,731,0.2908873855949065,C:\Users\99349\Desktop\serverless_sim_game_revision\runs\tscv1_g2_init_d66_d70_3ae7792_20260903\online\canonical\TSCv1.E1.heterogeneous.n20.middle.sche_nash.FD66.7abf01c7\run_config.json,0.7087518402391844,0.009304125201929046,0.10507246376811594,20.50036231884058,,0.0,2.6137295081967213,1.0,160.39124487004105,593.0,620.0,middle,4.684426229508197,0.0011975417205710127,1.0074599654552756,1.2954924398903558,0.9763164858428156,sche_nash,24,0.23345343034148408,0.4868571870432431,ready_warm_init,0.0,0.617827868852459,0.0020491803278688526,1.617827868852459,37.08355552212023,0.8074070928954958,True,0.006430467080256473,650.6780740151214,2373,0.02459016393442623,TSCv1.E1.heterogeneous.n20.middle.sche_nash.FD66.7abf01c7,1.0039855072463768,D66,0.2826144482667372,G2_D66_D70,0.731,heterogeneous,0.4627523457492181,0.8789362265149511,0.183802498870992,37.654252524475595,0.7120271396521823,1.391302787554141,0.37907160434384274,0.48765035693246117
937,5565,0.0037735849056603774,5.723270440251572,0.5088691848752768,0.2,6,15.3,5,30,5,0.0020491803278688526,C:\Users\99349\Desktop\serverless_sim_game_revision\runs\tscv1_g2_init_d66_d70_3ae7792_20260903\online\canonical\TSCv1.E1.heterogeneous.n20.middle.sche_nash.FD67.75afef57\run_config.json,129.23011474609376,0.1788080289698836,0.06666666666666667,3.566666666666667,,0.0,1.2177161152614728,1.0,75.4,297.0,297.0,middle,2.5891141942369265,0.00024125257631713026,0.7956323195114959,1.4916458200572957,0.9834681042228212,sche_nash,63,0.15384039977570185,0.5546027391292804,ready_order,0.0,0.19743863393810032,0.0010672358591248667,1.1974386339381002,-6.539845512883683,0.4663053043996656,True,5.131388877721672e-07,474.53401639344264,2008,0.0021344717182497333,TSCv1.E1.heterogeneous.n20.middle.sche_nash.FD67.75afef57,1.1,D67,0.13423180592991915,G2_D66_D70,0.005,heterogeneous,0.707566999474514,0.8952380952380953,0.03291850662384584,33.372466342425625,0.5184537617291382,2.0183545656174235,38.78505582945691,0.37264525883923966
941,5582,0.20100322465066284,8.682192762450734,0.4944532583939831,0.3333333333333333,1,83.0,1,3,1,0.0004098360655737705,C:\Users\99349\Desktop\serverless_sim_game_revision\runs\tscv1_g2_init_d66_d70_3ae7792_20260903\online\canonical\TSCv1.E1.heterogeneous.n20.middle.sche_nash.FD67.81f84d02\run_config.json,640.7500610351562,0.17814732908292275,0.0,11.333333333333334,,0.0,1.7236981934112645,1.0,287.0,287.0,287.0,middle,2.7268862911795964,0.00014059200829284266,0.828615254961456,1.5173631031713533,0.9835184521676819,sche_nash,59,0.17069007191886124,0.5494297086249289,ready_warm_init,0.0,0.22316684378320936,0.0,1.2231668437832093,-1.1289792421341627,0.48010979459725456,True,5.4378778393906604e-09,470.2643442622951,1991,0.020191285866099893,TSCv1.E1.heterogeneous.n20.middle.sche_nash.FD67.81f84d02,1.3333333333333333,D67,0.1361519168756718,G2_D66_D70,0.001,heterogeneous,0.7069354754029505,0.8969903260480114,0.03694827241861394,33.48923720847061,0.5133458499435487,2.0386057125170227,33.46559476768074,0.3726389579093187
933,5592,0.23515736766809728,8.824749642346209,0.5061656817499394,0.0,0,0.0,9,54,9,0.0036885245901639345,C:\Users\99349\Desktop\serverless_sim_game_revision\runs\tscv1_g2_init_d66_d70_3ae7792_20260903\online\canonical\TSCv1.E1.heterogeneous.n20.middle.sche_nash.FD67.9bedfe33\run_config.json,71.78188747829861,0.18394545023296247,0.0,0.8333333333333334,,0.0,1.7384780278670955,1.0,8.0,16.0,16.0,middle,2.6184351554126475,0.00019979552854042438,0.8025724845948378,1.4924663956062563,0.9835479256080114,sche_nash,67,0.15492329402177216,0.5546675437648279,ready_finish_init,0.0,0.20471596998928188,0.0,1.204715969989282,-6.290197749762064,0.4699737391536536,True,1.5672477271374543e-05,470.9594262295082,1981,0.00964630225080386,TSCv1.E1.heterogeneous.n20.middle.sche_nash.FD67.9bedfe33,1.0,D67,0.13215307582260372,G2_D66_D70,0.009,heterogeneous,0.7065645169753896,0.8957439198855508,0.031143940906368538,33.42906457867916,0.5195443112234027,2.016036650131274,38.596453518546674,0.3736826316700004
986,10753,0.07523481819027249,30.3410211103878,0.05794550429410885,0.1643835616438356,12,16.095890410958905,29,73,29,0.011439842209072978,C:\Users\99349\Desktop\serverless_sim_game_revision\runs\tscv1_g2_init_d66_d70_3ae7792_20260903\online\canonical\TSCv1.E1.heterogeneous.n20.middle.sche_nash.FD68.504a9540\run_config.json,25.32031670932112,0.34240071577446374,0.0,3.9863013698630136,,0.0,2.1967545638945234,1.0,53.13793103448276,254.0,299.0,middle,8.333671399594321,0.001849510862793943,1.496529427227189,1.624064830428643,0.9905142750860225,sche_nash,14,0.425799780605468,0.6712960827365082,ready_order,0.0,0.7870182555780934,0.0,1.7870182555780934,44.011943326510355,0.9416534831820339,True,2.1553818602203515e-05,5497.892702169625,26307,0.0,TSCv1.E1.heterogeneous.n20.middle.sche_nash.FD68.504a9540,1.0273972602739727,D68,0.2654143029852134,G2_D66_D70,0.029,heterogeneous,0.682202387989124,0.9588021947363526,0.2338506304558681,45.67430446549902,0.5481336812834224,2.2375799771642546,0.4495500353745509,0.47663380107103165
985,11658,0.8667009778692744,42.778006519128496,0.05517383052668392,0.16216216216216217,12,15.91891891891892,30,74,30,0.011834319526627219,C:\Users\99349\Desktop\serverless_sim_game_revision\runs\tscv1_g2_init_d66_d70_3ae7792_20260903\online\canonical\TSCv1.E1.heterogeneous.n20.middle.sche_nash.FD68.79122c20\run_config.json,24.602449544270833,0.3726358183839039,0.0,3.9324324324324325,,0.006091370558375634,3.1522842639593907,0.9939086294416244,51.5,254.0,299.0,middle,9.00507614213198,0.0020416855331299535,1.516075052961491,1.5952816191484884,0.9912506433350489,sche_nash,15,0.4448052954770621,0.6752639583376736,ready_warm_init,0.0,0.8213197969543147,0.003045685279187817,1.8213197969543147,43.94631171934108,0.9448255465817628,True,2.367749076352897e-05,5350.143984220907,25402,0.0,TSCv1.E1.heterogeneous.n20.middle.sche_nash.FD68.79122c20,1.027027027027027,D68,0.28186652942185625,G2_D66_D70,0.03,heterogeneous,0.6644310756742754,0.9598558929490478,0.25183199285075963,45.79161295790189,0.5071691712653745,2.33798109273351,0.4843454481903396,0.4698546620999423
984,11735,0.8668939071154665,42.41840647635279,0.05550759642646447,0.17105263157894737,13,15.855263157894736,30,76,30,0.011834319526627219,C:\Users\99349\Desktop\serverless_sim_game_revision\runs\tscv1_g2_init_d66_d70_3ae7792_20260903\online\canonical\TSCv1.E1.heterogeneous.n20.middle.sche_nash.FD68.8e22f30c\run_config.json,24.615529378255207,0.37159423468603536,0.0,5.947368421052632,,0.0010162601626016261,3.116869918699187,0.9989837398373984,57.833333333333336,254.0,299.0,middle,9.075203252032521,0.002207064777350455,1.548239488161475,1.6447077017060026,0.9913080528334044,sche_nash,16,0.4561020738795287,0.6755384790103879,ready_finish_init,0.0,0.8221544715447154,0.0040650406504065045,1.8221544715447155,43.90362548568069,0.9444565023723743,True,2.107336309942854e-05,5340.549506903353,25325,0.003048780487804878,TSCv1.E1.heterogeneous.n20.middle.sche_nash.FD68.8e22f30c,1.0263157894736843,D68,0.24976565828717512,G2_D66_D70,0.03,heterogeneous,0.6629616864840026,0.961994034938219,0.22012578616352202,45.8364603371736,0.4938035348196156,2.3921662879030805,0.49870429846439385,0.4642307488497745
962,6108,0.75,24.3092665356909,0.2506074318945891,0.47109826589595377,163,49.33815028901734,119,346,119,0.04746709214200239,C:\Users\99349\Desktop\serverless_sim_game_revision\runs\tscv1_g2_init_d66_d70_3ae7792_20260903\online\canonical\TSCv1.E1.heterogeneous.n20.middle.sche_nash.FD69.4a46ead7\run_config.json,3.999758167427127,0.170780880043918,0.20809248554913296,14.745664739884393,,0.0,2.498960498960499,1.0,149.3613445378151,515.0,593.0,middle,3.9636174636174637,0.001182012642365991,0.8640565862411819,1.6861116695556284,0.9058611656843484,sche_nash,38,0.211585157041347,0.426455415882514,ready_finish_init,0.0,0.6257796257796258,0.0010395010395010396,1.6257796257796258,44.86959645821522,0.7446012197363665,True,0.00019919343141007014,2045.3885121659355,10217,0.14137214137214138,TSCv1.E1.heterogeneous.n20.middle.sche_nash.FD69.4a46ead7,1.0375722543352601,D69,0.4638179436804191,G2_D66_D70,0.119,heterogeneous,0.31815137307434693,0.8356254092992796,0.358346394984326,45.37223180603497,0.9635816338254333,1.5990235895094094,0.48750610386270754,0.620312388525262
965,6284,0.008274984086569064,16.031667727562063,0.23171209730563613,0.4176,261,48.984,191,625,191,0.07618667730355005,C:\Users\99349\Desktop\serverless_sim_game_revision\runs\tscv1_g2_init_d66_d70_3ae7792_20260903\online\canonical\TSCv1.E1.heterogeneous.n20.middle.sche_nash.FD69.554fa681\run_config.json,2.4908062200895777,0.20866027951721022,0.168,38.2016,,0.0,1.6528497409326426,1.0,220.97905759162305,868.0,954.0,middle,4.147150259067358,0.0008884876101437101,0.8766114939336015,1.6450153750021848,0.908497772119669,sche_nash,35,0.22117281361872304,0.4273035954602637,ready_order,0.0,0.6124352331606218,0.0010362694300518134,1.6124352331606218,45.09939036864069,0.7651844770475075,True,0.0003470102542945702,2032.5528520143598,10041,0.10673575129533679,TSCv1.E1.heterogeneous.n20.middle.sche_nash.FD69.554fa681,1.0208,D69,0.4718332272437938,G2_D66_D70,0.191,heterogeneous,0.3120210203634771,0.8407065563335455,0.3717584705659663,45.360775883830634,1.0004610260397215,1.4998576026729988,0.40149479594318294,0.6395057022694871
958,5873,0.7497020262216925,23.987229695215394,0.23284123269988552,0.5042016806722689,180,54.319327731092436,124,357,124,0.04946150777822098,C:\Users\99349\Desktop\serverless_sim_game_revision\runs\tscv1_g2_init_d66_d70_3ae7792_20260903\online\canonical\TSCv1.E1.heterogeneous.n20.middle.sche_nash.FD69.9533ccba\run_config.json,3.8261824577085433,0.19245377043690282,0.226890756302521,14.92717086834734,,0.0,2.5187891440501042,1.0,157.19354838709677,498.0,589.0,middle,3.991649269311065,0.0010657675746987628,0.840763629967337,1.6738651107274225,0.9020943299846756,sche_nash,42,0.20070039654498922,0.4260807996653474,ready_warm_init,0.0,0.6482254697286013,0.0,1.6482254697286012,44.914806475737585,0.7626933140419176,True,0.00020616801588540726,2064.8009573195054,10452,0.11482254697286012,TSCv1.E1.heterogeneous.n20.middle.sche_nash.FD69.9533ccba,1.173669467787115,D69,0.5021283841307679,G2_D66_D70,0.124,heterogeneous,0.3145424836601307,0.8293887280776434,0.39971258468486964,45.351689069615745,0.9683030168425178,1.5904888794163554,0.4311374395842341,0.6164401738531602
951,10146,0.6774098166765228,17.929528878375713,0.3401204664642004,0.18933333333333333,71,16.706666666666667,168,375,168,0.06557377049180328,C:\Users\99349\Desktop\serverless_sim_game_revision\runs\tscv1_g2_init_d66_d70_3ae7792_20260903\online\canonical\TSCv1.E1.heterogeneous.n20.middle.sche_nash.FD70.140f1166\run_config.json,2.82751955304827,0.2886931013345565,0.072,3.530666666666667,,0.0,2.7644584647739223,1.0,40.48809523809524,278.0,394.0,middle,4.103049421661409,0.0016895826977439306,0.6863714038245138,1.3932951808492742,0.8672383205204022,sche_nash,49,0.14123610016411556,0.41842971512959987,ready_finish_init,0.0,0.7697160883280757,0.0010515247108307045,1.7697160883280758,42.85703533141777,0.6578473906406702,True,0.0014674939483679183,3131.6459797033567,15756,0.023133543638275498,TSCv1.E1.heterogeneous.n20.middle.sche_nash.FD70.140f1166,1.0346666666666666,D70,0.6617386162034299,G2_D66_D70,0.168,heterogeneous,0.28200410445120655,0.7848413167750837,0.5690066557829964,44.093998157975705,0.9366479841252415,1.426396497655803,1.3786557076784156,0.6314414065047033
952,10151,0.7279085804354251,17.65894985715693,0.33819333155637726,0.18328840970350405,68,16.315363881401616,166,371,166,0.06479313036690086,C:\Users\99349\Desktop\serverless_sim_game_revision\runs\tscv1_g2_init_d66_d70_3ae7792_20260903\online\canonical\TSCv1.E1.heterogeneous.n20.middle.sche_nash.FD70.75f7ec92\run_config.json,2.8616559132035957,0.3586816557483226,0.07277628032345014,3.3881401617250675,,0.0,2.732142857142857,1.0,39.25903614457831,278.0,394.0,middle,4.123949579831932,0.0016550837311251716,0.68705194685254,1.3958578439266642,0.8673037139198109,sche_nash,48,0.1408953965332013,0.41841401302880515,ready_warm_init,0.0,0.7415966386554622,0.0010504201680672268,1.7415966386554622,42.84555985420023,0.6594196827176663,True,0.001477580130204868,3135.7548790007804,15753,0.03991596638655462,TSCv1.E1.heterogeneous.n20.middle.sche_nash.FD70.75f7ec92,1.0350404312668464,D70,0.6554034085311792,G2_D66_D70,0.166,heterogeneous,0.28190435766836447,0.7848487833710964,0.5609388728505084,44.09249248510275,0.9348416873744269,1.4340707094267007,1.3783397615461048,0.6306364093581017
956,10195,0.02040215792054929,12.167140755272193,0.33944632476958475,0.18441558441558442,71,16.25974025974026,170,385,170,0.0663544106167057,C:\Users\99349\Desktop\serverless_sim_game_revision\runs\tscv1_g2_init_d66_d70_3ae7792_20260903\online\canonical\TSCv1.E1.heterogeneous.n20.middle.sche_nash.FD70.a69bf47d\run_config.json,2.7951927633846507,0.359738721310875,0.07012987012987013,3.672727272727273,,0.0,1.9110878661087867,1.0,40.50588235294118,278.0,394.0,middle,4.129707112970712,0.001531315196568803,0.6886861483650049,1.3947823945712434,0.8678764100049043,sche_nash,44,0.14380238673127452,0.41846278201043247,ready_order,0.0,0.7552301255230126,0.0020920502092050207,1.7552301255230125,42.83210439602495,0.6593457095599046,True,0.001501478303947477,3127.6026541764245,15708,0.027196652719665274,TSCv1.E1.heterogeneous.n20.middle.sche_nash.FD70.a69bf47d,1.0337662337662337,D70,0.6578715056400196,G2_D66_D70,0.17,heterogeneous,0.2810296191819464,0.7857773418342324,0.5645986768193734,44.07162571224645,0.9311724109764249,1.4373016991528769,1.363006652645354,0.6296148410259713
991,11115,0.8029689608636977,43.69905533063428,0.21247070105427987,0.516044776119403,1383,57.8134328358209,1270,2680,1270,0.18326118326118326,C:\Users\99349\Desktop\serverless_sim_game_revision\runs\tscv1_g2_init_d66_d70_3ae7792_20260903\online\canonical\TSCv1.E1.homogeneous.n20.high.sche_nash.FD66.10d0c37f\run_config.json,0.48899190106729823,0.002464649657933758,0.15186567164179104,93.38470149253732,,0.0,2.708375378405651,1.0,319.6417322834646,787.0,933.0,high,6.595358224016145,0.0010157055925786676,1.4629820905962236,1.2512873574173027,0.9485380116959065,sche_nash,9,0.49363006826738115,0.6055893399959544,ready_warm_init,0.0,0.6781029263370333,0.0030272452068617556,1.6781029263370333,31.983226412328257,0.7870770987027731,True,0.00812528455175731,354.1235209235209,3308,0.004036326942482341,TSCv1.E1.homogeneous.n20.high.sche_nash.FD66.10d0c37f,1.0041044776119403,D66,0.45326135852451643,G2_D66_D70,1.27,homogeneous,0.11673553719008264,0.8711650922177238,0.3724052463079624,33.20725148107037,0.6318159700271196,1.9463874637195777,0.274755417614119,0.3653016133293396
992,10654,0.77886239909893,41.70921719541956,0.22778460762006503,0.5440931780366056,1635,60.724792013311145,1420,3005,1420,0.2049062049062049,C:\Users\99349\Desktop\serverless_sim_game_revision\runs\tscv1_g2_init_d66_d70_3ae7792_20260903\online\canonical\TSCv1.E1.homogeneous.n20.high.sche_nash.FD66.299be754\run_config.json,0.43398338640239875,0.0019031020950891111,0.16971713810316139,103.07287853577371,,0.0010080645161290322,2.723790322580645,0.998991935483871,347.2788732394366,774.0,914.0,high,6.365927419354839,0.0011371327659521946,1.3791627053290543,1.6696723177231834,0.9357048995682373,sche_nash,8,0.4540373383660812,0.6020310164054788,ready_finish_init,0.0,0.7237903225806451,0.0010080645161290322,1.7237903225806452,31.970239363939427,0.7711604947578466,True,0.009421864980458328,369.3988455988456,3584,0.0030241935483870967,TSCv1.E1.homogeneous.n20.high.sche_nash.FD66.299be754,1.0043261231281198,D66,0.42960390463675613,G2_D66_D70,1.42,homogeneous,0.12117462674255547,0.8653088042049935,0.3408178761253932,33.27542473206002,0.6139867620380752,1.996053405152223,0.28030169799246596,0.35718284955593355
991,10619,0.12355212355212356,31.83821452114135,0.23751981753809637,0.6075794621026895,1988,68.10605134474328,1524,3272,1524,0.21991341991341992,C:\Users\99349\Desktop\serverless_sim_game_revision\runs\tscv1_g2_init_d66_d70_3ae7792_20260903\online\canonical\TSCv1.E1.homogeneous.n20.high.sche_nash.FD66.39cbc0d2\run_config.json,0.3973355030450295,0.0023121674157728766,0.18704156479217604,132.33740831295844,,0.0,2.1594349142280524,1.0,430.5793963254593,787.0,905.0,high,6.236125126135217,0.0010022572274431566,1.3796284957314409,1.6547686260588954,0.9402015255673792,sche_nash,9,0.45794861437263934,0.5912042249961542,ready_order,0.0,0.722502522704339,0.0,1.7225025227043391,32.164516261814114,0.761565048525771,True,0.008907879842388819,370.3034632034632,3607,0.0020181634712411706,TSCv1.E1.homogeneous.n20.high.sche_nash.FD66.39cbc0d2,1.0039731051344742,D66,0.4635088049722196,G2_D66_D70,1.524,homogeneous,0.12152547981469225,0.8655240606460118,0.38015449896638015,33.29700002787937,0.6582009021183317,1.900851062147033,0.26267986043094915,0.3728463042280815
992,25076,0.7768384112298612,30.87278672834583,0.18926666850558918,0.5217391304347826,48,48.91304347826087,27,92,27,0.003930131004366812,C:\Users\99349\Desktop\serverless_sim_game_revision\runs\tscv1_g2_init_d66_d70_3ae7792_20260903\online\canonical\TSCv1.E1.homogeneous.n20.high.sche_nash.FD67.87c8298a\run_config.json,23.97016059027778,0.3542044430798751,0.10869565217391304,58.48913043478261,,0.018145161290322582,3.189516129032258,0.9818548387096774,246.33333333333334,625.0,674.0,high,9.528225806451612,0.001258989827776219,1.3848697707383608,1.4687832919383073,0.915137980539161,sche_nash,8,0.43051530086824386,0.6336299664422902,ready_finish_init,0.0,0.7217741935483871,0.0010080645161290322,1.721774193548387,41.50497873214695,0.8252203389639764,True,4.572667646302918e-06,1652.9244541484716,20221,0.11895161290322581,TSCv1.E1.homogeneous.n20.high.sche_nash.FD67.87c8298a,1.1195652173913044,D67,0.43535651619078003,G2_D66_D70,0.027,homogeneous,0.058284512543187623,0.8676423672037008,0.3492209403870019,44.46543875119393,0.653505068831532,2.0363890002087213,2.141740696874042,0.5641648585782285
992,25271,0.8517272763246408,34.025721182382966,0.1868784530464026,0.4666666666666667,28,51.8,19,60,19,0.0027656477438136825,C:\Users\99349\Desktop\serverless_sim_game_revision\runs\tscv1_g2_init_d66_d70_3ae7792_20260903\online\canonical\TSCv1.E1.homogeneous.n20.high.sche_nash.FD67.9f819c69\run_config.json,34.009916606702305,0.4421643536157568,0.11666666666666667,12.533333333333333,,0.008064516129032258,3.311491935483871,0.9919354838709677,131.73684210526315,550.0,550.0,high,9.858870967741936,0.0014277715887097786,1.3901094183170468,1.4644070296877003,0.9157928059831427,sche_nash,8,0.4264777947024832,0.6327359086324136,ready_warm_init,0.0,0.7872983870967742,0.006048387096774193,1.7872983870967742,41.666911342364685,0.8278077019504655,True,4.240731588808224e-06,1651.5620087336245,20039,0.08064516129032258,TSCv1.E1.homogeneous.n20.high.sche_nash.FD67.9f819c69,1.1833333333333333,D67,0.443472755332199,G2_D66_D70,0.019,homogeneous,0.057860791112105285,0.8686636856475802,0.35932944606413997,44.489353944199465,0.6558284853583185,2.0281508009753857,2.0153664189908396,0.5652463094009115
992,25388,0.0712147471246258,25.366866236017017,0.18633823996046314,0.5119047619047619,43,54.154761904761905,25,84,25,0.00363901018922853,C:\Users\99349\Desktop\serverless_sim_game_revision\runs\tscv1_g2_init_d66_d70_3ae7792_20260903\online\canonical\TSCv1.E1.homogeneous.n20.high.sche_nash.FD67.a242aa97\run_config.json,25.85486328125,0.4442760735623576,0.11904761904761904,44.273809523809526,,0.0030241935483870967,2.4284274193548385,0.9969758064516129,227.88,553.0,780.0,high,9.861895161290322,0.0013057939794995012,1.3864109512249838,1.4597580992865133,0.9161808728533165,sche_nash,8,0.4235877322039203,0.633018615651974,ready_order,0.0,0.7731854838709677,0.0020161290322580645,1.7731854838709677,41.69709419396537,0.8284906347207249,True,4.243180946964252e-06,1646.514847161572,19915,0.06955645161290322,TSCv1.E1.homogeneous.n20.high.sche_nash.FD67.a242aa97,1.130952380952381,D67,0.44359539940129195,G2_D66_D70,0.025,homogeneous,0.05760950259836674,0.8692689459587206,0.3599166251302732,44.53577798074374,0.657733261834097,2.0253706582093662,2.0360975588067465,0.5650515518231487
995,29832,0.048739608474121746,28.938991686779296,0.098226152826444,0.22998729351969505,181,29.152477763659466,136,787,136,0.02,C:\Users\99349\Desktop\serverless_sim_game_revision\runs\tscv1_g2_init_d66_d70_3ae7792_20260903\online\canonical\TSCv1.E1.homogeneous.n20.high.sche_nash.FD68.cde7f23d\run_config.json,6.036239175235524,0.6202408555911574,0.0241423125794155,11.217280813214739,,0.0,2.5467336683417083,1.0,124.00735294117646,396.0,540.0,high,12.38994974874372,0.0009273111265862259,1.839515923397787,1.3326356491649893,0.9701662644140521,sche_nash,5,0.6073759556114976,0.8018829701818119,ready_order,0.0,0.9085427135678392,0.0010050251256281408,1.9085427135678392,37.952246965432366,0.9215410196118219,True,0.00018168749268313998,687.8088235294117,8744,0.044221105527638194,TSCv1.E1.homogeneous.n20.high.sche_nash.FD68.cde7f23d,1.0076238881829733,D68,0.23813354786806115,G2_D66_D70,0.136,homogeneous,0.270325799823892,0.8267296862429606,0.0784576085634351,43.49529907971293,0.4162310857678441,2.959586502851798,3.406705667215839,0.40700869506575144
994,28683,0.6683401317853781,36.88752919847994,0.0959170997483137,0.21428571428571427,141,25.21580547112462,115,658,115,0.016911764705882352,C:\Users\99349\Desktop\serverless_sim_game_revision\runs\tscv1_g2_init_d66_d70_3ae7792_20260903\online\canonical\TSCv1.E1.homogeneous.n20.high.sche_nash.FD68.e1ccdece\run_config.json,7.154180112092392,0.6185972511477934,0.03343465045592705,12.709726443768997,,0.001006036217303823,3.265593561368209,0.9989939637826962,129.31304347826088,406.0,477.0,high,12.296780684104627,0.0008810106555012536,1.816430102420627,1.3029267356873506,0.9689711675905589,sche_nash,6,0.5797349638603729,0.8045079445068579,ready_warm_init,0.0,0.886317907444668,0.0,1.886317907444668,38.4086082569414,0.9232779303681538,True,0.00012430701489014726,739.62,9889,0.06841046277665996,TSCv1.E1.homogeneous.n20.high.sche_nash.FD68.e1ccdece,1.0091185410334347,D68,0.24505804832130532,G2_D66_D70,0.115,homogeneous,0.2781426953567384,0.819928180455322,0.07925844034356663,43.50562412868553,0.4359542101333818,2.909741021391696,3.0376475575126336,0.41441858333781256
993,28408,0.6902281047592228,40.86813573641228,0.08541337941214337,0.36724137931034484,213,52.51379310344828,103,580,103,0.015147058823529411,C:\Users\99349\Desktop\serverless_sim_game_revision\runs\tscv1_g2_init_d66_d70_3ae7792_20260903\online\canonical\TSCv1.E1.homogeneous.n20.high.sche_nash.FD68.f2e42065\run_config.json,8.15296595304915,0.6088441481165455,0.01896551724137931,35.639655172413796,,0.006042296072507553,3.418932527693857,0.9939577039274925,264.4466019417476,621.0,747.0,high,13.710976837865056,0.0008768388804556203,1.9386263257876077,0.9694809211526613,0.9686707969586033,sche_nash,7,0.6307415994071781,0.8199720225795936,ready_finish_init,0.0,0.8610271903323263,0.0,1.8610271903323263,39.06868523753754,0.9339061628432299,True,4.777311997211285e-05,756.4020588235294,10165,0.0755287009063444,TSCv1.E1.homogeneous.n20.high.sche_nash.FD68.f2e42065,1.006896551724138,D68,0.257920304139679,G2_D66_D70,0.103,homogeneous,0.2800810947795236,0.8184666291185582,0.093329319169068,43.4836640443912,0.41496562611435467,2.9369729017286494,2.3052328622794436,0.41226208366934125
994,17576,0.06719390077378243,44.46068502503414,0.11660001289785547,0.30017251293847036,522,33.00057504312824,596,1739,596,0.08789264120336233,C:\Users\99349\Desktop\serverless_sim_game_revision\runs\tscv1_g2_init_d66_d70_3ae7792_20260903\online\canonical\TSCv1.E1.homogeneous.n20.high.sche_nash.FD69.43a78a8c\run_config.json,1.2394559719418519,0.1445786636203513,0.15756181713628523,31.559516963772282,,0.0,2.2937625754527162,1.0,191.75838926174498,605.0,629.0,high,10.28169014084507,0.0020430808043181508,1.8005170968613846,0.8941688929202478,0.9749658625398271,sche_nash,6,0.42042930338997025,0.7253756513122293,ready_order,0.0,0.8350100603621731,0.004024144869215292,1.835010060362173,38.45825670424189,0.8910547850747212,True,0.0025076145573560103,1624.1849284766258,20351,0.05533199195171026,TSCv1.E1.homogeneous.n20.high.sche_nash.FD69.43a78a8c,1.002875215641173,D69,0.27793582157487484,G2_D66_D70,0.596,homogeneous,0.37458634309504324,0.8805188893946291,0.1799560609976738,40.37077438988683,0.6115220099565492,2.1737453952418115,0.7736525666075176,0.4233573515987228
995,17297,0.7537723304619298,60.34636064057351,0.11740324271745597,0.30631152287203245,529,31.24145917776491,592,1727,592,0.08730275770535319,C:\Users\99349\Desktop\serverless_sim_game_revision\runs\tscv1_g2_init_d66_d70_3ae7792_20260903\online\canonical\TSCv1.E1.homogeneous.n20.high.sche_nash.FD69.571344df\run_config.json,1.2551767503893054,0.14460539528316377,0.1702374059061957,32.442964678633466,,0.007035175879396985,3.2160804020100504,0.992964824120603,189.2043918918919,536.0,558.0,high,10.133668341708542,0.0021579444825494997,1.8272373659821934,0.8694025697429422,0.9745620627854541,sche_nash,5,0.4214355960160658,0.7296916166317242,ready_finish_init,0.0,0.857286432160804,0.0010050251256281408,1.857286432160804,38.371312820078174,0.8900442692673712,True,0.0024927895034678633,1635.9249373248783,20627,0.04924623115577889,TSCv1.E1.homogeneous.n20.high.sche_nash.FD69.571344df,1.0028951939779964,D69,0.28091576573972366,G2_D66_D70,0.592,homogeneous,0.3783424381828637,0.8785916632942129,0.18154898993222346,40.316050734527956,0.6098961161417569,2.188054013091677,0.7872602683901208,0.4206795771717991
995,17238,0.7664462234597981,59.751769346791974,0.11744471888725341,0.3197360527894421,533,31.984403119376125,572,1667,572,0.08435334021530748,C:\Users\99349\Desktop\serverless_sim_game_revision\runs\tscv1_g2_init_d66_d70_3ae7792_20260903\online\canonical\TSCv1.E1.homogeneous.n20.high.sche_nash.FD69.7ed1082c\run_config.json,1.2971940474076704,0.1340184942518111,0.17816436712657469,34.43911217756449,,0.003015075376884422,3.2040201005025124,0.9969849246231156,197.020979020979,522.0,537.0,high,10.126633165829146,0.0021032461542125655,1.8026410333528269,0.8585284126528954,0.9744749970994315,sche_nash,5,0.42040809556591224,0.7286534174017533,ready_warm_init,0.0,0.8251256281407036,0.0010050251256281408,1.8251256281407036,38.4068617183961,0.8896976951570225,True,0.0022380954735273543,1640.4993363810647,20686,0.03919597989949749,TSCv1.E1.homogeneous.n20.high.sche_nash.FD69.7ed1082c,1.0023995200959808,D69,0.28460378234133893,G2_D66_D70,0.572,homogeneous,0.3791464073473798,0.8781761225200139,0.18536134231734708,40.30258469593222,0.6124064232788834,2.1633375884485515,0.7683992972440604,0.42360670481117907
995,16352,0.8966487279843445,58.78406311154599,0.06462498483511869,0.2621827806321034,1684,30.386735170481085,3214,6423,3214,0.46337946943483277,C:\Users\99349\Desktop\serverless_sim_game_revision\runs\tscv1_g2_init_d66_d70_3ae7792_20260903\online\canonical\TSCv1.E1.homogeneous.n20.high.sche_nash.FD70.199dd981\run_config.json,0.263092344862078,0.20854746717005082,0.003269500233535731,230.81908765374436,,0.007035175879396985,3.2663316582914574,0.992964824120603,523.7685127566895,702.0,807.0,high,10.87035175879397,0.0019861865138122298,1.9106133217110486,0.9409098383002785,0.9898483365949119,sche_nash,5,0.46053193847346263,0.8309813365319699,ready_finish_init,0.0,0.864321608040201,0.0020100502512562816,1.864321608040201,34.57343678546745,0.9405367068842476,True,0.023323744441687555,346.9901960784314,3305,0.021105527638190954,TSCv1.E1.homogeneous.n20.high.sche_nash.FD70.199dd981,1.0010898334111786,D70,0.16499510763209393,G2_D66_D70,3.214,homogeneous,0.47455012853470435,0.8854574363992173,0.05697907314041025,36.768654647638655,0.5378963385513618,2.4975653388692383,0.5380016530334267,0.30245165230702686
996,16483,0.7998543954377237,57.94024146089911,0.0659212610383575,0.3030585602387169,1625,35.47127937336815,2687,5362,2687,0.38739907727797,C:\Users\99349\Desktop\serverless_sim_game_revision\runs\tscv1_g2_init_d66_d70_3ae7792_20260903\online\canonical\TSCv1.E1.homogeneous.n20.high.sche_nash.FD70.cd1e6db5\run_config.json,0.3127896387336597,0.19401410565597027,0.0,254.8521074226035,,0.002008032128514056,3.1586345381526106,0.9979919678714859,581.347971715668,684.0,716.0,high,10.981927710843374,0.0017139515584223117,1.9559945914260841,0.9739098534605453,0.9899290177758903,sche_nash,4,0.42306673215827356,0.8269839538267915,ready_warm_init,0.0,0.8383534136546185,0.004016064257028112,1.8383534136546185,34.532421692492555,0.9393017562789361,True,0.014776757505793487,335.766291810842,3308,0.03614457831325301,TSCv1.E1.homogeneous.n20.high.sche_nash.FD70.cd1e6db5,1.001118985453189,D70,0.1588303100163805,G2_D66_D70,2.687,homogeneous,0.47256087805190233,0.886974458533034,0.051641586867305064,36.73970714463327,0.5620339853645115,2.5290036162712153,0.5387971065737309,0.2984799996785933
994,16471,0.0848764495173335,42.220751624066544,0.06307811585048188,0.2941432614848683,1351,35.16764641846288,2150,4593,2150,0.3099769319492503,C:\Users\99349\Desktop\serverless_sim_game_revision\runs\tscv1_g2_init_d66_d70_3ae7792_20260903\online\canonical\TSCv1.E1.homogeneous.n20.high.sche_nash.FD70.cd808638\run_config.json,0.38951157680777615,0.17677975617933578,0.009144350097975179,191.8758981058132,,0.001006036217303823,2.278672032193159,0.9989939637826962,481.6186046511628,812.0,914.0,high,11.191146881287727,0.0019653215269718593,1.9100609121454137,1.0623713382862716,0.9899216805294153,sche_nash,6,0.4599945471335184,0.8228619955141332,ready_order,0.0,0.8631790744466801,0.002012072434607646,1.86317907444668,34.646001625072614,0.9417892921523502,True,0.011460797386480853,356.3700980392157,3363,0.01006036217303823,TSCv1.E1.homogeneous.n20.high.sche_nash.FD70.cd808638,1.0019595035924234,D70,0.1639851860846336,G2_D66_D70,2.15,homogeneous,0.472742405326675,0.8862849857324996,0.05672009864364982,36.833442195952316,0.5314625940661013,2.5164780080459583,0.5048873091413463,0.3024606707353611
938,2823,,,,0.24866310160427807,1209,8.417317976141506,1391,4862,1391,0.735978835978836,C:\Users\99349\Desktop\serverless_sim_game_revision\runs\tscv1_g2_init_d66_d70_3ae7792_20260903\online\canonical\TSCv1.E1.homogeneous.n20.low.greedy.FD66.7f559fc6\run_config.json,0.425231538686197,,0.3253805018510901,18.636774989716166,0.0,,,,78.294033069734,316.0,640.0,low,,,,,,greedy,,0.34944317824611715,0.5804158107541794,baseline,,,,,34.18786056929348,,True,0.041780438826210374,16.603174603174605,71,,TSCv1.E1.homogeneous.n20.low.greedy.FD66.7f559fc6,0.46873714520773346,D66,,G2_D66_D70,1.391,homogeneous,,,,34.56125496956545,0.8450694173598201,1.492305904742973,0.05721516981377823,0.33105722005342786
914,3047,,,,0.6085423197492164,1553,35.665752351097176,872,2552,872,0.45393024466423737,C:\Users\99349\Desktop\serverless_sim_game_revision\runs\tscv1_g2_init_d66_d70_3ae7792_20260903\online\canonical\TSCv1.E1.homogeneous.n20.low.greedy.FD67.33b8516c\run_config.json,0.6286755483084863,,0.2249216300940439,82.0646551724138,0.0,,,,226.73509174311926,696.0,899.0,low,,,,,,greedy,,0.36012333026346305,0.536855734876725,baseline,,,,,33.67353406216928,,True,0.006117460512292859,15.630400832899532,75,,TSCv1.E1.homogeneous.n20.low.greedy.FD67.33b8516c,0.5591692789968652,D67,,G2_D66_D70,0.872,homogeneous,,,,34.2236923046256,0.8033311036693541,1.6168657449726045,0.07002017402995168,0.3333965479193025
913,2416,,,,0.24735632183908046,1076,18.168735632183907,1889,4350,1889,0.9772374547335747,C:\Users\99349\Desktop\serverless_sim_game_revision\runs\tscv1_g2_init_d66_d70_3ae7792_20260903\online\canonical\TSCv1.E1.homogeneous.n20.low.greedy.FD68.381715d5\run_config.json,0.34073278246385325,,0.38298850574712645,12.328735632183909,0.0,,,,64.42615140285865,284.0,378.0,low,,,,,,greedy,,0.35013515481748986,0.6324700008682961,baseline,,,,,34.63194628267099,,True,0.08605098566635387,29.26849456802897,118,,TSCv1.E1.homogeneous.n20.low.greedy.FD68.381715d5,0.5489655172413793,D68,,G2_D66_D70,1.889,homogeneous,,,,34.64218161674525,0.9501815006223242,1.2240563258282002,0.03887258841970701,0.3025123706173818
954,2414,,,,0.3453712190650779,1884,25.476076993583867,1731,5455,1731,0.8968911917098445,C:\Users\99349\Desktop\serverless_sim_game_revision\runs\tscv1_g2_init_d66_d70_3ae7792_20260903\online\canonical\TSCv1.E1.homogeneous.n20.low.greedy.FD69.55a5e47a\run_config.json,0.33107129498618937,,0.3908340971585701,29.348304307974335,0.0,,,,175.1952628538417,487.0,880.0,low,,,,,,greedy,,0.3406487579596558,0.562282064500419,baseline,,,,,27.06111595071636,,True,0.02984373543491546,15.244041450777202,60,,TSCv1.E1.homogeneous.n20.low.greedy.FD69.55a5e47a,0.40458295142071493,D69,,G2_D66_D70,1.731,homogeneous,,,,27.186004164205077,0.7909489574362991,1.1753869669044323,0.024602372844741306,0.2841523605543123
920,2474,,,,0.5167203368838246,2086,44.35496655932623,1847,4037,1847,0.9690451206715635,C:\Users\99349\Desktop\serverless_sim_game_revision\runs\tscv1_g2_init_d66_d70_3ae7792_20260903\online\canonical\TSCv1.E1.homogeneous.n20.low.greedy.FD70.cdeacdc8\run_config.json,0.2487090915748088,,0.24969036413178103,39.89769630914045,0.0,,,,174.70763400108282,446.0,480.0,low,,,,,,greedy,,0.267652212514187,0.4508722810648734,baseline,,,,,33.59163642874049,,True,0.042507283541271604,4.385624344176286,22,,TSCv1.E1.homogeneous.n20.low.greedy.FD70.cdeacdc8,0.6346296755016101,D70,,G2_D66_D70,1.847,homogeneous,,,,33.28970484398215,0.960774054374356,0.9785545052013381,0.03586915173780899,0.3555811388582208
917,2602,,,,0.2837100545596259,364,11.999220576773189,745,1283,745,0.3941798941798942,C:\Users\99349\Desktop\serverless_sim_game_revision\runs\tscv1_g2_init_d66_d70_3ae7792_20260903\online\canonical\TSCv1.E1.homogeneous.n20.low.hash.FD66.1b2f2170\run_config.json,0.6796530499554321,,0.08495713172252534,57.10678098207327,0.0,,,,108.61744966442953,214.0,429.0,low,,,,,,hash,,0.20714757700598646,0.49962100649103064,baseline,,,,,31.6562505585702,,True,0.010091817804423166,12.634391534391535,56,,TSCv1.E1.homogeneous.n20.low.hash.FD66.1b2f2170,0.7170693686671863,D66,,G2_D66_D70,0.745,homogeneous,,,,33.556684367937095,0.5527777008549077,2.2855198670359047,0.41487310918407383,0.24718118617905277
915,2985,,,,0.6815020862308763,490,38.39638386648122,489,719,489,0.2545549193128579,C:\Users\99349\Desktop\serverless_sim_game_revision\runs\tscv1_g2_init_d66_d70_3ae7792_20260903\online\canonical\TSCv1.E1.homogeneous.n20.low.hash.FD67.a1e8fa31\run_config.json,1.0084502487338638,,0.1168289290681502,105.40611961057023,0.0,,,,202.38036809815952,436.0,464.0,low,,,,,,hash,,0.23035903362794005,0.4857066795780891,baseline,,,,,32.934433709916156,,True,0.0023959955118757616,13.628839146277981,65,,TSCv1.E1.homogeneous.n20.low.hash.FD67.a1e8fa31,1.1154381084840055,D67,,G2_D66_D70,0.489,homogeneous,,,,34.09745704165256,0.6599531955233895,1.9880561802055767,0.1320503726726401,0.29712995850360974
913,2419,,,,0.5219178082191781,1143,30.249771689497717,1249,2190,1249,0.6461458872219348,C:\Users\99349\Desktop\serverless_sim_game_revision\runs\tscv1_g2_init_d66_d70_3ae7792_20260903\online\canonical\TSCv1.E1.homogeneous.n20.low.hash.FD68.f2ede112\run_config.json,0.44261004506730384,,0.29634703196347034,70.43196347031963,0.0,,,,160.46917534027222,690.0,823.0,low,,,,,,hash,,0.2250523225096449,0.5454995774940223,baseline,,,,,33.025263860039395,,True,0.01758529068357053,7.902224521469218,51,,TSCv1.E1.homogeneous.n20.low.hash.FD68.f2ede112,0.6584474885844749,D68,,G2_D66_D70,1.249,homogeneous,,,,34.660505581808856,0.5756497658071512,2.306865140567786,0.10517924207517952,0.20115361811455343
965,2411,,,,0.3443025540275049,701,33.34135559921415,789,2036,789,0.4088082901554404,C:\Users\99349\Desktop\serverless_sim_game_revision\runs\tscv1_g2_init_d66_d70_3ae7792_20260903\online\canonical\TSCv1.E1.homogeneous.n20.low.hash.FD69.b933d70d\run_config.json,0.5159874977721007,,0.4945972495088409,57.02111984282908,0.0,,,,235.61850443599494,472.0,567.0,low,,,,,,hash,,0.16263496133688066,0.4018293981384979,baseline,,,,,26.86638991005042,,True,0.0064897569060652855,14.383937823834197,56,,TSCv1.E1.homogeneous.n20.low.hash.FD69.b933d70d,0.5024557956777996,D69,,G2_D66_D70,0.789,homogeneous,,,,27.583974391283807,0.7338390406191697,1.6021530213864301,0.0889328886963016,0.2396625765239683
922,2475,,,,0.6362119315811431,1525,48.96120150187735,1288,2397,1288,0.6757607555089192,C:\Users\99349\Desktop\serverless_sim_game_revision\runs\tscv1_g2_init_d66_d70_3ae7792_20260903\online\canonical\TSCv1.E1.homogeneous.n20.low.hash.FD70.d26683a5\run_config.json,0.32032437057968993,,0.20275344180225283,65.03420942845223,0.0,,,,201.44021739130434,658.0,728.0,low,,,,,,hash,,0.18534997815955473,0.40661665679412046,baseline,,,,,32.16893077503551,,True,0.0199608807510461,3.7586568730325287,20,,TSCv1.E1.homogeneous.n20.low.hash.FD70.d26683a5,0.7146433041301627,D70,,G2_D66_D70,1.288,homogeneous,,,,33.28939935318147,0.60596955934483,1.9053832808407871,0.08491235913050295,0.2638572708344219
930,2787,,,,0.24486540378863408,1228,9.28035892323031,1422,5015,1422,0.7523809523809524,C:\Users\99349\Desktop\serverless_sim_game_revision\runs\tscv1_g2_init_d66_d70_3ae7792_20260903\online\canonical\TSCv1.E1.homogeneous.n20.low.load_least.FD66.2cae5ca8\run_config.json,0.41414632676522944,,0.4061814556331007,17.037088733798605,0.0,,,,77.4774964838256,299.0,635.0,low,,,,,,load_least,,0.3570537382240889,0.5776184139761636,baseline,,,,,33.335084458684086,,True,0.04431698470237607,16.603174603174605,71,,TSCv1.E1.homogeneous.n20.low.load_least.FD66.2cae5ca8,0.45583250249252244,D66,,G2_D66_D70,1.422,homogeneous,,,,34.41385961545596,0.6440666549918277,1.9167372401486942,0.09675160997955226,0.2906468160100252
914,3021,,,,0.5247826086956522,1207,33.34217391304348,1033,2300,1033,0.5377407600208225,C:\Users\99349\Desktop\serverless_sim_game_revision\runs\tscv1_g2_init_d66_d70_3ae7792_20260903\online\canonical\TSCv1.E1.homogeneous.n20.low.load_least.FD67.4ad6b93c\run_config.json,0.5277987071182236,,0.19434782608695653,77.93869565217392,0.0,,,,176.97095837366894,755.0,843.0,low,,,,,,load_least,,0.36692147820701193,0.5336614463134182,baseline,,,,,33.322197906547174,,True,0.01105936003584241,15.370119729307651,74,,TSCv1.E1.homogeneous.n20.low.load_least.FD67.4ad6b93c,0.6269565217391304,D67,,G2_D66_D70,1.033,homogeneous,,,,34.14899364396935,0.7143968415333439,1.7768119201088772,0.07145231760217038,0.30707191006311
913,2416,,,,0.22888786340562992,992,18.094139363174897,1886,4334,1886,0.9756854630108639,C:\Users\99349\Desktop\serverless_sim_game_revision\runs\tscv1_g2_init_d66_d70_3ae7792_20260903\online\canonical\TSCv1.E1.homogeneous.n20.low.load_least.FD68.a218c195\run_config.json,0.33067184237887726,,0.4282418089524688,10.888324873096447,0.0,,,,61.40827147401909,259.0,330.0,low,,,,,,load_least,,0.34846911026023947,0.6125626880724389,baseline,,,,,33.620991134485664,,True,0.09287901485452782,29.26849456802897,118,,TSCv1.E1.homogeneous.n20.low.load_least.FD68.a218c195,0.5493770189201661,D68,,G2_D66_D70,1.886,homogeneous,,,,34.642181782533,0.6802066017862792,1.920805043460715,0.02362556044407041,0.24303356414377097
935,2039,,,,0.3180293501048218,1517,25.49077568134172,1564,4770,1564,0.8103626943005181,C:\Users\99349\Desktop\serverless_sim_game_revision\runs\tscv1_g2_init_d66_d70_3ae7792_20260903\online\canonical\TSCv1.E1.homogeneous.n20.low.load_least.FD69.25bdd3ea\run_config.json,0.373908118518722,,0.4679245283018868,29.659119496855347,0.0,,,,170.61700767263426,483.0,801.0,low,,,,,,load_least,,0.32737592403831983,0.5743705527894686,baseline,,,,,24.674488694835023,,True,0.024515995495885567,15.244041450777202,60,,TSCv1.E1.homogeneous.n20.low.load_least.FD69.25bdd3ea,0.35471698113207545,D69,,G2_D66_D70,1.564,homogeneous,,,,25.275635752507203,0.6467762314228334,1.4309244344724399,0.04954915276220202,0.2325503511382646
921,2476,,,,0.40289204687110447,1616,35.75691847419596,1827,4011,1827,0.9585519412381952,C:\Users\99349\Desktop\serverless_sim_game_revision\runs\tscv1_g2_init_d66_d70_3ae7792_20260903\online\canonical\TSCv1.E1.homogeneous.n20.low.load_least.FD70.2260e10e\run_config.json,0.2563998217653171,,0.2787334829219646,31.173522812266267,0.0,,,,138.95073891625617,421.0,458.0,low,,,,,,load_least,,0.26675507223705597,0.4599803207168766,baseline,,,,,32.80465371504739,,True,0.05128141118414579,4.924973767051417,24,,TSCv1.E1.homogeneous.n20.low.load_least.FD70.2260e10e,0.6013462976813763,D70,,G2_D66_D70,1.827,homogeneous,,,,33.295222317074725,0.7390090692819394,1.4937378596604738,0.042565708743748355,0.3067256470597522
378,815,,,,0.24911660777385158,423,12.895759717314487,548,1698,548,0.28994708994708995,C:\Users\99349\Desktop\serverless_sim_game_revision\runs\tscv1_g2_init_d66_d70_3ae7792_20260903\online\canonical\TSCv1.E1.homogeneous.n20.low.random.FD66.28546e3c\run_config.json,0.7906787064823791,,0.42226148409893993,9.270318021201414,0.9973544973544973,,,,416.0784671532847,681.0,701.0,low,,,,,,random,,0.11423493335709854,0.42943651319140913,baseline,,,,,34.236663071802056,,True,0.0016657325584800609,1137.762433862434,4333,,TSCv1.E1.homogeneous.n20.low.random.FD66.28546e3c,150.3563015312132,D66,,G2_D66_D70,0.548,homogeneous,,,,34.184653009519984,0.952763624499592,1.1879575085786223,0.054935691702219604,0.3421396525633847
600,1032,,,,0.4448462929475588,738,27.96262808921037,539,1659,539,0.2805830296720458,C:\Users\99349\Desktop\serverless_sim_game_revision\runs\tscv1_g2_init_d66_d70_3ae7792_20260903\online\canonical\TSCv1.E1.homogeneous.n20.low.random.FD67.274ab220\run_config.json,0.7670293747825835,,0.3405666063893912,44.60699216395419,0.9983333333333333,,,,497.55287569573284,747.0,971.0,low,,,,,,random,,0.15592828697194333,0.4083464166302497,baseline,,,,,34.03053772541904,,True,0.0014123343703282012,1021.280583029672,3893,,TSCv1.E1.homogeneous.n20.low.random.FD67.274ab220,165.29475587703436,D67,,G2_D66_D70,0.539,homogeneous,,,,34.390470292217046,0.8393278606267285,1.5009806781083115,0.025844983604931555,0.3275657619039218
279,596,,,,0.5129390018484289,555,36.00277264325324,468,1082,468,0.2421107087428867,C:\Users\99349\Desktop\serverless_sim_game_revision\runs\tscv1_g2_init_d66_d70_3ae7792_20260903\online\canonical\TSCv1.E1.homogeneous.n20.low.random.FD68.4fcbaa97\run_config.json,1.0366760645157251,,0.4029574861367837,14.40203327171904,0.996415770609319,,,,235.93376068376068,315.0,367.0,low,,,,,,random,,0.08896740051114467,0.4820331623699483,baseline,,,,,34.26640764658883,,True,0.0019134304963266788,733.2296947749612,3442,,TSCv1.E1.homogeneous.n20.low.random.FD68.4fcbaa97,70.09242144177449,D68,,G2_D66_D70,0.468,homogeneous,,,,34.883589309333956,0.8533882118336507,1.677115968709824,0.0705486431517857,0.2770946523887199
474,683,,,,0.3180487804878049,326,23.964878048780488,318,1025,318,0.16476683937823836,C:\Users\99349\Desktop\serverless_sim_game_revision\runs\tscv1_g2_init_d66_d70_3ae7792_20260903\online\canonical\TSCv1.E1.homogeneous.n20.low.random.FD69.ca77480b\run_config.json,1.5294993658485652,,0.4097560975609756,14.890731707317073,0.9978902953586498,,,,459.92452830188677,701.0,755.0,low,,,,,,random,,0.08258197717955615,0.48341982536628775,baseline,,,,,28.14812029926529,,True,0.00045205496872147247,1202.8440414507772,4616,,TSCv1.E1.homogeneous.n20.low.random.FD69.ca77480b,105.37170731707317,D69,,G2_D66_D70,0.318,homogeneous,,,,28.17278295938651,0.8593988848691956,1.1477633280076882,0.01364185330137545,0.27734366410560524
603,1308,,,,0.5272547076313181,1064,44.070366699702674,935,2018,935,0.49055613850996854,C:\Users\99349\Desktop\serverless_sim_game_revision\runs\tscv1_g2_init_d66_d70_3ae7792_20260903\online\canonical\TSCv1.E1.homogeneous.n20.low.random.FD70.8ceb0018\run_config.json,0.43522103865516376,,0.2874132804757185,21.47224975222993,0.9966832504145937,,,,328.255614973262,422.0,482.0,low,,,,,,random,,0.13740079271956263,0.40240850811785817,baseline,,,,,33.27553472314771,,True,0.0065446973218110105,484.2250786988458,1976,,TSCv1.E1.homogeneous.n20.low.random.FD70.8ceb0018,114.4623389494549,D70,,G2_D66_D70,0.935,homogeneous,,,,33.48815560413792,0.8433283386205178,1.3459142020444987,0.032391020025636444,0.32235560333783475
978,5858,,,,0.11380634728118051,563,8.776025874267233,1358,4947,1358,0.7185185185185186,C:\Users\99349\Desktop\serverless_sim_game_revision\runs\tscv1_g2_init_d66_d70_3ae7792_20260903\online\canonical\TSCv1.E1.homogeneous.n20.low.sche_FaaSRank.FD66.ea788169\run_config.json,0.4260357279489599,,0.006468566808166565,14.78714372346877,0.0,,,,70.33357879234168,313.0,443.0,low,,,,,,sche_FaaSRank,,0.3490495779804182,0.5674992490736809,baseline,,,,,38.52449529249947,,True,0.045320118059805174,217.16296296296295,947,,TSCv1.E1.homogeneous.n20.low.sche_FaaSRank.FD66.ea788169,1.0038407115423489,D66,,G2_D66_D70,1.358,homogeneous,,,,39.59733786766909,0.8012152851472417,1.4677288985956485,0.8107158106212151,0.404387337100632
971,5431,,,,0.31052036199095023,549,39.05429864253394,939,1768,939,0.4888079125455492,C:\Users\99349\Desktop\serverless_sim_game_revision\runs\tscv1_g2_init_d66_d70_3ae7792_20260903\online\canonical\TSCv1.E1.homogeneous.n20.low.sche_FaaSRank.FD67.bca0fe78\run_config.json,0.6339367428780618,,0.03733031674208145,104.58484162895928,0.0,,,,255.6719914802982,738.0,776.0,low,,,,,,sche_FaaSRank,,0.3528475543581742,0.5840767277385097,baseline,,,,,36.176637138896304,,True,0.005793440004342953,343.1592920353982,1027,,TSCv1.E1.homogeneous.n20.low.sche_FaaSRank.FD67.bca0fe78,1.0265837104072397,D67,,G2_D66_D70,0.939,homogeneous,,,,38.09075807660264,0.8223196426312187,1.6885271810668758,1.400787796871128,0.35287444525617984
986,4372,,,,0.12822943825551078,541,16.994311448210475,1855,4219,1855,0.9596482152095189,C:\Users\99349\Desktop\serverless_sim_game_revision\runs\tscv1_g2_init_d66_d70_3ae7792_20260903\online\canonical\TSCv1.E1.homogeneous.n20.low.sche_FaaSRank.FD68.faf9f9b1\run_config.json,0.33828990350193733,,0.033183218772220906,8.845935055700403,0.0,,,,55.54070080862534,256.0,383.0,low,,,,,,sche_FaaSRank,,0.34504066120367743,0.6165323903221146,baseline,,,,,36.538622685560696,,True,0.09872872362466018,88.87790998448008,361,,TSCv1.E1.homogeneous.n20.low.sche_FaaSRank.FD68.faf9f9b1,1.0026072529035317,D68,,G2_D66_D70,1.855,homogeneous,,,,36.66627588952667,0.9489405827344568,1.1732315046325912,0.26735116761733335,0.3639890615984266
982,5857,,,,0.15244029075804777,734,21.90404984423676,1672,4815,1672,0.8663212435233161,C:\Users\99349\Desktop\serverless_sim_game_revision\runs\tscv1_g2_init_d66_d70_3ae7792_20260903\online\canonical\TSCv1.E1.homogeneous.n20.low.sche_FaaSRank.FD69.889d0a76\run_config.json,0.339846451316724,,0.04423676012461059,27.517133956386292,0.0,,,,145.2476076555024,477.0,599.0,low,,,,,,sche_FaaSRank,,0.3453069164721945,0.557291850511546,baseline,,,,,33.04995461309731,,True,0.03387228897479289,292.5435233160622,1249,,TSCv1.E1.homogeneous.n20.low.sche_FaaSRank.FD69.889d0a76,1.0020768431983385,D69,,G2_D66_D70,1.672,homogeneous,,,,34.04486712217535,0.7972147461648319,1.28398758956591,0.8616243422814369,0.35348477870078343
972,4109,,,,0.32554257095158595,1170,42.95464663327768,1725,3594,1725,0.9050367261280168,C:\Users\99349\Desktop\serverless_sim_game_revision\runs\tscv1_g2_init_d66_d70_3ae7792_20260903\online\canonical\TSCv1.E1.homogeneous.n20.low.sche_FaaSRank.FD70.fa44272a\run_config.json,0.28831868489583334,,0.09515859766277128,22.826655537006122,0.0,,,,133.2336231884058,468.0,522.0,low,,,,,,sche_FaaSRank,,0.24736236731402225,0.48942220989946694,baseline,,,,,36.13826154345403,,True,0.044905803608634706,98.45173137460651,409,,TSCv1.E1.homogeneous.n20.low.sche_FaaSRank.FD70.fa44272a,1.0125208681135225,D70,,G2_D66_D70,1.725,homogeneous,,,,36.04844943761651,0.9834295044813816,1.116635711052668,0.1640272959418564,0.38704544086400017
923,2643,,,,0.08489981408799835,411,3.502582111134063,1391,4841,1391,0.735978835978836,C:\Users\99349\Desktop\serverless_sim_game_revision\runs\tscv1_g2_init_d66_d70_3ae7792_20260903\online\canonical\TSCv1.E1.homogeneous.n20.low.sche_Hiku.FD66.d4e4e207\run_config.json,0.4316349207797897,,0.4404048750258211,28.390828341251808,0.0,,,,92.59669302659957,490.0,921.0,low,,,,,,sche_Hiku,,0.35233499394549905,0.5892288466562389,baseline,,,,,31.999088267868682,,True,0.034802871654409914,16.603174603174605,71,,TSCv1.E1.homogeneous.n20.low.sche_Hiku.FD66.d4e4e207,0.4370997727742202,D66,,G2_D66_D70,1.391,homogeneous,,,,33.78412454614484,0.525041586905154,2.1725539872017583,0.39151181269337,0.2539876221629466
915,3023,,,,0.2239101717305152,339,15.097754293262879,869,1514,869,0.4523685580426861,C:\Users\99349\Desktop\serverless_sim_game_revision\runs\tscv1_g2_init_d66_d70_3ae7792_20260903\online\canonical\TSCv1.E1.homogeneous.n20.low.sche_Hiku.FD67.1e6a1607\run_config.json,0.6155868196652042,,0.190224570673712,73.26287978863937,0.0,,,,140.32336018411968,337.0,884.0,low,,,,,,sche_Hiku,,0.3456675950748025,0.5240222516021558,baseline,,,,,32.53018466975963,,True,0.010060058081311204,15.630400832899532,75,,TSCv1.E1.homogeneous.n20.low.sche_Hiku.FD67.1e6a1607,0.7192866578599736,D67,,G2_D66_D70,0.869,homogeneous,,,,34.17901076475516,0.540690602887184,2.225743225107436,0.23286523540318504,0.2690918900558107
913,2416,,,,0.15840909090909092,697,15.437954545454545,1908,4400,1908,0.9870667356440765,C:\Users\99349\Desktop\serverless_sim_game_revision\runs\tscv1_g2_init_d66_d70_3ae7792_20260903\online\canonical\TSCv1.E1.homogeneous.n20.low.sche_Hiku.FD68.ede4afa4\run_config.json,0.3323957655164931,,0.42613636363636365,12.085454545454546,0.0,,,,59.939727463312366,263.0,301.0,low,,,,,,sche_Hiku,,0.352970145135016,0.6229729052478076,baseline,,,,,33.91087324808765,,True,0.09576528905774431,29.26849456802897,118,,TSCv1.E1.homogeneous.n20.low.sche_Hiku.FD68.ede4afa4,0.5479545454545455,D68,,G2_D66_D70,1.908,homogeneous,,,,34.642181471483596,0.7888827378189327,1.4885955698393434,0.2906705008554488,0.25907496090929044
967,2390,,,,0.08245687841817417,392,14.615481699621371,1649,4754,1649,0.8544041450777202,C:\Users\99349\Desktop\serverless_sim_game_revision\runs\tscv1_g2_init_d66_d70_3ae7792_20260903\online\canonical\TSCv1.E1.homogeneous.n20.low.sche_Hiku.FD69.41eb27c0\run_config.json,0.3428733737776683,,0.5172486327303324,21.042490534286916,0.0,,,,105.4390539721043,366.0,585.0,low,,,,,,sche_Hiku,,0.31866023617539896,0.5552695509818549,baseline,,,,,26.55003517122947,,True,0.045612659411946324,14.30518134715026,55,,TSCv1.E1.homogeneous.n20.low.sche_Hiku.FD69.41eb27c0,0.46108540176693313,D69,,G2_D66_D70,1.649,homogeneous,,,,27.403023195466236,0.602840939840637,1.6015853324071134,0.09341356141812257,0.23917005002249234
921,2476,,,,0.21085080147965474,855,21.215043156596796,1861,4055,1861,0.9763903462749213,C:\Users\99349\Desktop\serverless_sim_game_revision\runs\tscv1_g2_init_d66_d70_3ae7792_20260903\online\canonical\TSCv1.E1.homogeneous.n20.low.sche_Hiku.FD70.34c57ef8\run_config.json,0.26942533219392295,,0.306288532675709,54.35462392108508,0.0,,,,161.12950026867276,574.0,655.0,low,,,,,,sche_Hiku,,0.2663206985246891,0.49290787955572446,baseline,,,,,32.036658030526894,,True,0.04286796682679241,4.701469045120672,23,,TSCv1.E1.homogeneous.n20.low.sche_Hiku.FD70.34c57ef8,0.6214549938347719,D70,,G2_D66_D70,1.861,homogeneous,,,,33.295842549719985,0.5967372256633562,1.9312039360235504,0.17507192632409116,0.25035404445233367
924,2688,,,,0.13046021840873634,669,4.399765990639626,1434,5128,1434,0.7587301587301587,C:\Users\99349\Desktop\serverless_sim_game_revision\runs\tscv1_g2_init_d66_d70_3ae7792_20260903\online\canonical\TSCv1.E1.homogeneous.n20.low.sche_jiagu.FD66.13ba0909\run_config.json,0.40517860742459905,,0.42297191887675506,26.545826833073324,0.0,,,,89.26359832635983,500.0,864.0,low,,,,,,sche_jiagu,,0.36145211852617865,0.5695986622240096,baseline,,,,,33.34742910237539,,True,0.0396486362588596,12.634920634920634,56,,TSCv1.E1.homogeneous.n20.low.sche_jiagu.FD66.13ba0909,0.43935257410296413,D66,,G2_D66_D70,1.434,homogeneous,,,,33.953904575535226,0.8503533999042009,1.5134352784869927,0.26512695628445637,0.32173269401703564
917,3032,,,,0.27617043661230933,525,18.448185165702263,857,1901,857,0.446121811556481,C:\Users\99349\Desktop\serverless_sim_game_revision\runs\tscv1_g2_init_d66_d70_3ae7792_20260903\online\canonical\TSCv1.E1.homogeneous.n20.low.sche_jiagu.FD67.79a1d744\run_config.json,0.6588639712250218,,0.25512887953708574,72.05996843766438,0.0,,,,154.09568261376896,741.0,751.0,low,,,,,,sche_jiagu,,0.3465910893883865,0.5536754451575596,baseline,,,,,33.280048559083156,,True,0.008441013431240705,14.197293076522644,65,,TSCv1.E1.homogeneous.n20.low.sche_jiagu.FD67.79a1d744,1.185691741188848,D67,,G2_D66_D70,0.857,homogeneous,,,,34.15664609629749,0.7632512434552814,1.6929059864505929,0.2607660933316619,0.3138236075217066
913,2416,,,,0.16087751371115175,704,15.34209323583181,1903,4376,1903,0.9844800827728919,C:\Users\99349\Desktop\serverless_sim_game_revision\runs\tscv1_g2_init_d66_d70_3ae7792_20260903\online\canonical\TSCv1.E1.homogeneous.n20.low.sche_jiagu.FD68.2b21dcab\run_config.json,0.3359416695062073,,0.4250457038391225,13.054844606946984,0.0,,,,60.8591697320021,283.0,421.0,low,,,,,,sche_jiagu,,0.35257628032266486,0.6280614014513761,baseline,,,,,34.58121215191898,,True,0.09307839564011812,29.26849456802897,118,,TSCv1.E1.homogeneous.n20.low.sche_jiagu.FD68.2b21dcab,0.5484460694698354,D68,,G2_D66_D70,1.903,homogeneous,,,,34.642181302537985,1.0064772817544063,1.090822134882409,0.2920463062199881,0.3154223451378527
965,2455,,,,0.18052391799544418,951,19.095671981776764,1754,5268,1754,0.9088082901554404,C:\Users\99349\Desktop\serverless_sim_game_revision\runs\tscv1_g2_init_d66_d70_3ae7792_20260903\online\canonical\TSCv1.E1.homogeneous.n20.low.sche_jiagu.FD69.5727ac78\run_config.json,0.3316447868042688,,0.4563401670463174,28.59738041002278,0.0,,,,145.81527936145952,574.0,942.0,low,,,,,,sche_jiagu,,0.3365023320150708,0.5710131883223013,baseline,,,,,27.449556174152008,,True,0.03627048641797642,14.995336787564767,59,,TSCv1.E1.homogeneous.n20.low.sche_jiagu.FD69.5727ac78,0.4301442672741078,D69,,G2_D66_D70,1.754,homogeneous,,,,27.63499024501886,0.8246120089395711,1.2004912670421017,0.09492577691382278,0.2853710185850225
923,2477,,,,0.25019607843137254,957,22.324444444444445,1748,3825,1748,0.9171038824763903,C:\Users\99349\Desktop\serverless_sim_game_revision\runs\tscv1_g2_init_d66_d70_3ae7792_20260903\online\canonical\TSCv1.E1.homogeneous.n20.low.sche_jiagu.FD70.754a8ecc\run_config.json,0.28663883165582094,,0.28862745098039216,49.05516339869281,0.0,,,,152.38443935926773,555.0,574.0,low,,,,,,sche_jiagu,,0.2598579544079461,0.49273942607683624,baseline,,,,,32.535702219113354,,True,0.04001895849122221,4.379853095487933,22,,TSCv1.E1.homogeneous.n20.low.sche_jiagu.FD70.754a8ecc,0.659607843137255,D70,,G2_D66_D70,1.748,homogeneous,,,,33.29338829816711,0.7444752520751126,1.6488643601675115,0.13418794703076914,0.28089106675473535
976,5804,0.05272226050999311,21.25895933838732,0.16024962526044553,0.14574314574314573,707,10.449391877963306,1363,4851,1363,0.7211640211640211,C:\Users\99349\Desktop\serverless_sim_game_revision\runs\tscv1_g2_init_d66_d70_3ae7792_20260903\online\canonical\TSCv1.E1.homogeneous.n20.low.sche_nash.FD66.202a76c6\run_config.json,0.4133540354313784,0.018661165218909422,0.017934446505875078,15.904968047825191,,0.0,1.7387295081967213,1.0,76.6529713866471,390.0,504.0,low,4.035860655737705,0.0004689371640563136,1.1307475743876279,1.6186168484703005,0.9696760854583046,sche_nash,24,0.3474156164162408,0.5523937484927259,ready_order,0.0,0.4887295081967213,0.0,1.4887295081967213,39.05143290466477,0.8278682827025262,True,0.04301745166663044,249.13386243386245,945,0.01331967213114754,TSCv1.E1.homogeneous.n20.low.sche_nash.FD66.202a76c6,1.002267573696145,D66,0.15075809786354238,G2_D66_D70,1.363,homogeneous,0.4354634763155335,0.9324603721571331,0.08924611973392461,39.5143408916639,0.8952426404864248,1.287858664486262,0.5095801899864049,0.4392882825499933
977,5699,0.3705913318125987,27.677487278469908,0.14530507707976525,0.14793771043771045,703,10.763678451178452,1359,4752,1359,0.719047619047619,C:\Users\99349\Desktop\serverless_sim_game_revision\runs\tscv1_g2_init_d66_d70_3ae7792_20260903\online\canonical\TSCv1.E1.homogeneous.n20.low.sche_nash.FD66.7dfd215a\run_config.json,0.4233794559706126,0.022308473990536256,0.022095959595959596,16.060395622895623,,0.0,2.4319344933469806,1.0,76.72259013980869,425.0,511.0,low,4.1289662231320365,0.0005114328526642303,1.1277783113951918,1.5950065843890395,0.9691173890156167,sche_nash,23,0.3402636995468058,0.5645687822577595,ready_finish_init,0.0,0.49437052200614123,0.0010235414534288639,1.4943705220061412,39.01634528967848,0.8427752367988723,True,0.04183756692677682,285.07566137566135,946,0.008188331627430911,TSCv1.E1.homogeneous.n20.low.sche_nash.FD66.7dfd215a,1.004208754208754,D66,0.16160729952623268,G2_D66_D70,1.359,homogeneous,0.4400117912940945,0.9315669415686962,0.10001883593897155,39.40558914837868,0.8701422506968511,1.3293132209991192,0.357379560164408,0.4273068218100257
979,5641,0.38503811380960823,27.201382733557878,0.14133884173835598,0.14634678298800435,671,10.634460196292258,1333,4585,1333,0.7052910052910053,C:\Users\99349\Desktop\serverless_sim_game_revision\runs\tscv1_g2_init_d66_d70_3ae7792_20260903\online\canonical\TSCv1.E1.homogeneous.n20.low.sche_nash.FD66.c6684be2\run_config.json,0.42196396572287603,0.021051046479088228,0.01613958560523446,16.861068702290076,,0.0,2.375893769152196,1.0,78.31807951987997,408.0,526.0,low,4.1317671092951995,0.0004058374859933528,1.1089190417001553,1.6127955897535717,0.9687998581811735,sche_nash,21,0.33331137943173395,0.5518909581885455,ready_warm_init,0.0,0.44126659856996936,0.0,1.4412665985699693,38.89267983696094,0.845372439011934,True,0.040335993168174544,287.3994708994709,949,0.014300306435137897,TSCv1.E1.homogeneous.n20.low.sche_nash.FD66.c6684be2,1.0023991275899673,D66,0.14961886190391774,G2_D66_D70,1.333,homogeneous,0.4424787507412532,0.930331501506825,0.0859375,39.34345866492234,0.8751273185716064,1.3542771015769939,0.4008654343613529,0.4292365080090707
966,5448,0.7287077826725403,21.473384728340676,0.11080161896011165,0.413855421686747,687,44.70421686746988,1041,1660,1041,0.5419052576782926,C:\Users\99349\Desktop\serverless_sim_game_revision\runs\tscv1_g2_init_d66_d70_3ae7792_20260903\online\canonical\TSCv1.E1.homogeneous.n20.low.sche_nash.FD67.4f2ce99c\run_config.json,0.5642744168768011,0.20957601962912972,0.07590361445783132,89.26686746987951,,0.0,2.409937888198758,1.0,205.82132564841498,604.0,649.0,low,4.398550724637682,0.0007602878896181141,1.3748193848496078,1.5921438135337986,0.9495227606461086,sche_nash,34,0.3492888727303999,0.5763201469121072,ready_finish_init,0.0,0.42650103519668736,0.0010351966873706005,1.4265010351966874,37.41967248251434,0.8736978759838708,True,0.008963342627132387,344.52680895366996,1072,0.052795031055900624,TSCv1.E1.homogeneous.n20.low.sche_nash.FD67.4f2ce99c,1.0289156626506024,D67,0.36160058737151246,G2_D66_D70,1.041,homogeneous,0.5621282751969137,0.8687591776798825,0.2651595182759349,37.97619609440651,0.8532878376732248,1.5737325572757468,0.20303734970909326,0.3669585606490813
965,5527,0.6594897774561245,26.050841324407454,0.1294921763968892,0.3508986928104575,859,36.15277777777778,1232,2448,1232,0.6413326392503904,C:\Users\99349\Desktop\serverless_sim_game_revision\runs\tscv1_g2_init_d66_d70_3ae7792_20260903\online\canonical\TSCv1.E1.homogeneous.n20.low.sche_nash.FD67.cd0f5c2d\run_config.json,0.4890387398856027,0.17284304191814528,0.07598039215686274,61.41789215686274,,0.0010362694300518134,2.5129533678756477,0.9989637305699481,181.1582792207792,595.0,764.0,low,4.243523316062176,0.0008061331677726847,1.3831882376668823,1.4707336149596166,0.9542247150352814,sche_nash,35,0.3901539086093516,0.5901804490364374,ready_warm_init,0.0,0.47564766839378236,0.0,1.4756476683937825,37.49185879484577,0.8556951161036552,True,0.01390622517361435,327.85111920874544,1043,0.04041450777202073,TSCv1.E1.homogeneous.n20.low.sche_nash.FD67.cd0f5c2d,1.0204248366013071,D67,0.3484711416681744,G2_D66_D70,1.232,homogeneous,0.5581581261491726,0.8719015740908268,0.2527495330981531,37.98018134116954,0.844922717358032,1.473814378794999,0.2339255134616853,0.3744946704439041
964,5425,0.020092165898617512,10.897511520737327,0.11170458858257615,0.3511039310716209,652,39.58535271943996,963,1857,963,0.5013014055179594,C:\Users\99349\Desktop\serverless_sim_game_revision\runs\tscv1_g2_init_d66_d70_3ae7792_20260903\online\canonical\TSCv1.E1.homogeneous.n20.low.sche_nash.FD67.ec5d8272\run_config.json,0.574599031347352,0.17127491835925368,0.07054388799138395,86.9186860527733,,0.0,1.533195020746888,1.0,233.1391484942887,676.0,702.0,low,4.326763485477178,0.0006802589602657418,1.2207146882544775,1.624351220158388,0.9493087557603687,sche_nash,36,0.34785326797915056,0.5423404007796325,ready_order,0.0,0.4367219917012448,0.0,1.4367219917012448,37.711382660931704,0.874346414392445,True,0.0071886310043702785,353.84279021343053,1042,0.014522821576763486,TSCv1.E1.homogeneous.n20.low.sche_nash.FD67.ec5d8272,1.0064620355411955,D67,0.33566820276497694,G2_D66_D70,0.963,homogeneous,0.5683138378292353,0.8667281105990784,0.23351765206295194,38.165125913488154,0.8684583759307861,1.5007715802698092,0.21151333465169908,0.3900833004548253
980,4346,0.57731247123792,44.37896916705016,0.14311445342677698,0.19489723600283487,825,20.79399952752185,1840,4233,1840,0.9518882565959649,C:\Users\99349\Desktop\serverless_sim_game_revision\runs\tscv1_g2_init_d66_d70_3ae7792_20260903\online\canonical\TSCv1.E1.homogeneous.n20.low.sche_nash.FD68.7e9ad06a\run_config.json,0.3250844209090523,0.04185577186826982,0.06047720292936452,11.914481455232696,,0.0,2.688775510204082,1.0,67.69510869565218,309.0,423.0,low,3.36734693877551,0.0005583843722811529,1.1890615712555774,1.3219545092373688,0.9960883571099862,sche_nash,20,0.3388451250383093,0.5873792872605768,ready_finish_init,0.0,0.5173469387755102,0.0,1.5173469387755103,37.05236489971387,0.8416991632515749,True,0.08361118447513989,111.85876875323332,400,0.00510204081632653,TSCv1.E1.homogeneous.n20.low.sche_nash.FD68.7e9ad06a,1.0025986298133711,D68,0.20133456051541648,G2_D66_D70,1.84,homogeneous,0.48870588235294116,0.893005062126093,0.10564287554753929,36.76931952069665,1.019688296766529,1.0003372244828317,0.1332128587327236,0.396907172167954
978,4330,0.12240184757505773,32.788683602771364,0.1498497324696727,0.1961768219832736,821,20.7636798088411,1828,4185,1828,0.9456802897051215,C:\Users\99349\Desktop\serverless_sim_game_revision\runs\tscv1_g2_init_d66_d70_3ae7792_20260903\online\canonical\TSCv1.E1.homogeneous.n20.low.sche_nash.FD68.8a503d6f\run_config.json,0.3271429950872709,0.04153904674411267,0.056152927120669056,11.675507765830346,,0.0,1.9406952965235174,1.0,66.96006564551422,298.0,433.0,low,3.3231083844580778,0.0006073415022174802,1.1873017083845956,1.3134554868551105,0.9960739030023095,sche_nash,22,0.33678543465049554,0.5873038214568462,ready_order,0.0,0.532719836400818,0.0,1.532719836400818,37.04128371716647,0.8339839821737303,True,0.08344929945533913,114.49042938437661,401,0.00408997955010225,TSCv1.E1.homogeneous.n20.low.sche_nash.FD68.8a503d6f,1.0026284348864993,D68,0.20323325635103925,G2_D66_D70,1.828,homogeneous,0.4896275341819896,0.8926096997690531,0.1073738680465718,36.75507979756415,1.0232682572914327,0.9938812211121477,0.14072429504085493,0.3975411518203744
980,4367,0.5012594458438288,40.62239523700481,0.16382398697877534,0.19649941656942824,842,20.886114352392067,1865,4285,1865,0.9648215209518882,C:\Users\99349\Desktop\serverless_sim_game_revision\runs\tscv1_g2_init_d66_d70_3ae7792_20260903\online\canonical\TSCv1.E1.homogeneous.n20.low.sche_nash.FD68.a75c9e79\run_config.json,0.3249676333675436,0.032833717069250576,0.05390898483080513,12.315052508751458,,0.0,2.5255102040816326,1.0,68.68096514745308,295.0,436.0,low,3.2826530612244897,0.0006209850530067199,1.1632752246185003,1.3328407219885579,0.9961071673918022,sche_nash,20,0.3428391816078593,0.5951504621160079,ready_warm_init,0.0,0.5173469387755102,0.0010204081632653062,1.5173469387755103,37.038179192740664,0.8203756910645773,True,0.08356075186727066,107.68804966373513,394,0.01020408163265306,TSCv1.E1.homogeneous.n20.low.sche_nash.FD68.a75c9e79,1.0025670945157525,D68,0.20128234485917104,G2_D66_D70,1.865,homogeneous,0.48750146696397134,0.8944355392718113,0.10701484895033282,36.7508266925921,1.0149462918736227,0.9760136737795096,0.1457476609191878,0.39416758010118264
978,5961,0.6792484482469384,36.26539171279987,0.17640759085889826,0.22216117216117215,1213,26.575091575091577,1803,5460,1803,0.9341968911917099,C:\Users\99349\Desktop\serverless_sim_game_revision\runs\tscv1_g2_init_d66_d70_3ae7792_20260903\online\canonical\TSCv1.E1.homogeneous.n20.low.sche_nash.FD69.062fcb72\run_config.json,0.31307863223837007,2.1816708689352105e-05,0.07454212454212454,23.064102564102566,,0.0010224948875255625,2.6063394683026586,0.9989775051124744,153.4947310038824,458.0,587.0,low,4.103271983640082,0.0006630477787721546,1.3629366573119106,1.2317410501642247,0.9585639993289716,sche_nash,22,0.35373950714958285,0.5532978545215511,ready_finish_init,0.0,0.5,0.0,1.5,33.88266323325099,0.8108661084657267,True,0.03751879026659585,315.5295336787565,1325,0.006134969325153374,TSCv1.E1.homogeneous.n20.low.sche_nash.FD69.062fcb72,1.0018315018315018,D69,0.2174131857070961,G2_D66_D70,1.803,homogeneous,0.3350808700501952,0.9011910753229324,0.131608339538347,34.140281557736834,0.7937213281240465,1.2294059880446555,0.1793165676244489,0.3573829704304106
975,5975,0.5924686192468619,34.739414225941424,0.17013672268477942,0.22232288458053995,1227,27.406414205472007,1834,5519,1834,0.950259067357513,C:\Users\99349\Desktop\serverless_sim_game_revision\runs\tscv1_g2_init_d66_d70_3ae7792_20260903\online\canonical\TSCv1.E1.homogeneous.n20.low.sche_nash.FD69.0b21e288\run_config.json,0.3066789633315158,0.0007799375750646619,0.072658090233738,22.572748686356224,,0.0010256410256410256,2.4605128205128204,0.9989743589743589,153.36750272628134,481.0,599.0,low,4.154871794871795,0.0006194824484035134,1.311508153075173,1.2215232627960428,0.9586610878661088,sche_nash,25,0.3546491477809391,0.5512424198652766,ready_warm_init,0.0,0.47692307692307695,0.0,1.476923076923077,33.994300423386704,0.8173109737923954,True,0.03899258241492312,317.57512953367876,1307,0.0020512820512820513,TSCv1.E1.homogeneous.n20.low.sche_nash.FD69.0b21e288,1.015038956332669,D69,0.21606694560669457,G2_D66_D70,1.834,homogeneous,0.33611111111111114,0.9019246861924686,0.1308220449062906,34.17414231847021,0.8129471524789244,1.184855438884831,0.17295187498883777,0.3650184908122697
978,5940,0.06111111111111111,24.454377104377105,0.16983828090965397,0.2240927796483352,1198,26.882154882154882,1784,5346,1784,0.9243523316062177,C:\Users\99349\Desktop\serverless_sim_game_revision\runs\tscv1_g2_init_d66_d70_3ae7792_20260903\online\canonical\TSCv1.E1.homogeneous.n20.low.sche_nash.FD69.9e78e603\run_config.json,0.31619221640274664,0.0007246857486674656,0.07295173961840629,22.68574635241302,,0.0,1.729038854805726,1.0,151.4871076233184,462.0,554.0,low,4.131901840490798,0.0006074227827481387,1.3460503585879637,1.1915479265329012,0.9584175084175084,sche_nash,22,0.3519949553629697,0.5529583411662593,ready_order,0.0,0.4621676891615542,0.0010224948875255625,1.4621676891615543,33.88379581239489,0.8169490405380324,True,0.03724500197197779,318.09481865284977,1331,0.0,TSCv1.E1.homogeneous.n20.low.sche_nash.FD69.9e78e603,1.016273849607183,D69,0.21632996632996632,G2_D66_D70,1.784,homogeneous,0.3377926421404682,0.9008417508417509,0.13006914595402727,34.1350234585579,0.7971345937663458,1.2323128531727727,0.17336104928026444,0.35731169306971006
965,4124,0.05795344325897187,11.549224054316198,0.17317008341515344,0.4429947188567878,1426,53.57564461012737,1614,3219,1614,0.8467995802728226,C:\Users\99349\Desktop\serverless_sim_game_revision\runs\tscv1_g2_init_d66_d70_3ae7792_20260903\online\canonical\TSCv1.E1.homogeneous.n20.low.sche_nash.FD70.9a2262a4\run_config.json,0.2894323980054891,0.02939703838673789,0.10469089779434607,31.39826032929481,,0.0,1.4404145077720207,1.0,166.0799256505576,490.0,516.0,low,3.164766839378238,0.00021972137307874526,0.8694694415513954,1.5155685369420353,0.9384093113482056,sche_nash,35,0.23701203500371082,0.45956675019316345,ready_order,0.0,0.24663212435233162,0.0,1.2466321243523315,36.396143719944185,0.8042789925897907,True,0.03357679551436162,128.60388247639034,409,0.01865284974093264,TSCv1.E1.homogeneous.n20.low.sche_nash.FD70.9a2262a4,1.0065237651444547,D70,0.5138215324927256,G2_D66_D70,1.614,homogeneous,0.13651591289782244,0.8251697381183317,0.41081398765794885,36.06871907856716,1.038513400188126,1.0214910207010957,0.10512501963289697,0.41552724363688814
965,4139,0.5926552307320608,17.294273979222034,0.18120378744659085,0.4108269677847891,1237,49.275323812686814,1490,3011,1490,0.7817418677859391,C:\Users\99349\Desktop\serverless_sim_game_revision\runs\tscv1_g2_init_d66_d70_3ae7792_20260903\online\canonical\TSCv1.E1.homogeneous.n20.low.sche_nash.FD70.d7adf43b\run_config.json,0.3017038844575818,0.028533645445658926,0.09996678844237794,24.401859847226834,,0.0,2.1782383419689118,1.0,144.79194630872485,504.0,525.0,low,3.1357512953367874,0.00021283115054232171,0.8373990081132312,1.5096233391508327,0.9386325199323509,sche_nash,35,0.2312490990302433,0.44215263644311853,ready_warm_init,0.0,0.24663212435233162,0.0,1.2466321243523315,36.421137146858754,0.7963727179335983,True,0.034108369621445506,111.94123819517314,409,0.025906735751295335,TSCv1.E1.homogeneous.n20.low.sche_nash.FD70.d7adf43b,1.0086350049817336,D70,0.4919062575501329,G2_D66_D70,1.49,homogeneous,0.13608849926946356,0.8258033341386808,0.38472791105909887,36.09501395924825,1.0542236760881507,1.0198195896940145,0.12675286027803603,0.41847195304024765
968,4127,0.6261206687666586,18.83062757450933,0.18829816251836115,0.5173317797844451,1776,58.0559277599767,1659,3433,1659,0.8704092339979014,C:\Users\99349\Desktop\serverless_sim_game_revision\runs\tscv1_g2_init_d66_d70_3ae7792_20260903\online\canonical\TSCv1.E1.homogeneous.n20.low.sche_nash.FD70.df8c7375\run_config.json,0.26997449988698013,0.03508961428111852,0.15933585785027674,37.58898922225459,,0.0,2.1766528925619837,1.0,190.16154309825197,690.0,784.0,low,3.075413223140496,0.00022569514946767206,0.877092058919298,1.505223977131043,0.9384540828689121,sche_nash,32,0.24360268259000828,0.4401383767952943,ready_finish_init,0.0,0.26239669421487605,0.0,1.262396694214876,36.56902219182156,0.7886826920471788,True,0.03231476096771068,129.41605456453306,409,0.026859504132231406,TSCv1.E1.homogeneous.n20.low.sche_nash.FD70.df8c7375,1.0052432274978154,D70,0.5396171553186334,G2_D66_D70,1.659,homogeneous,0.13606866234038098,0.8139084080445844,0.43435546293539745,36.07476709401431,1.082528724981215,0.9138269960114821,0.1052064804752251,0.4307600937753028
928,2773,,,,0.0596475372797108,264,2.5497062810664257,1334,4426,1334,0.7058201058201058,C:\Users\99349\Desktop\serverless_sim_game_revision\runs\tscv1_g2_init_d66_d70_3ae7792_20260903\online\canonical\TSCv1.E1.homogeneous.n20.low.sche_OCS.FD66.6570b0ec\run_config.json,0.4390138457382637,,0.4186624491640307,21.39200180750113,0.0,,,,68.65142428785607,302.0,717.0,low,,,,,,sche_OCS,,0.3408789329509825,0.5748196161650612,baseline,,,,,33.540509670682646,,True,0.04426169695647106,12.633862433862435,56,,TSCv1.E1.homogeneous.n20.low.sche_OCS.FD66.6570b0ec,0.4774062358788974,D66,,G2_D66_D70,1.334,homogeneous,,,,34.322295556548184,0.8048156276687823,1.6282836544010728,0.27637007627522003,0.31805170898376456
917,3005,,,,0.25375170532060026,558,17.061391541609822,962,2199,962,0.5007808433107757,C:\Users\99349\Desktop\serverless_sim_game_revision\runs\tscv1_g2_init_d66_d70_3ae7792_20260903\online\canonical\TSCv1.E1.homogeneous.n20.low.sche_OCS.FD67.2dfe3839\run_config.json,0.5810166198349792,,0.3224192814915871,61.3137789904502,0.0,,,,140.90956340956342,689.0,795.0,low,,,,,,sche_OCS,,0.36091673059999774,0.5475432307197649,baseline,,,,,32.741272495669655,,True,0.011750221333409298,14.831337844872463,65,,TSCv1.E1.homogeneous.n20.low.sche_OCS.FD67.2dfe3839,0.6152796725784447,D67,,G2_D66_D70,0.962,homogeneous,,,,34.13205200868121,0.6102168611673865,2.010550910224534,0.2764692982128773,0.28602414447535296
913,2416,,,,0.15689851767388827,688,14.429418472063855,1902,4385,1902,0.9839627521986549,C:\Users\99349\Desktop\serverless_sim_game_revision\runs\tscv1_g2_init_d66_d70_3ae7792_20260903\online\canonical\TSCv1.E1.homogeneous.n20.low.sche_OCS.FD68.9a154fd2\run_config.json,0.3277815408636468,,0.39087799315849486,18.122690992018246,0.0,,,,70.61041009463722,416.0,658.0,low,,,,,,sche_OCS,,0.35189580234384227,0.6122646129541771,baseline,,,,,34.44339053757143,,True,0.08217832524659019,29.26849456802897,118,,TSCv1.E1.homogeneous.n20.low.sche_OCS.FD68.9a154fd2,0.5482326111744584,D68,,G2_D66_D70,1.902,homogeneous,,,,34.64218161832418,0.8914425094166326,1.3218907217760354,0.06387125969623887,0.2955284853225315
969,2521,,,,0.07466260339573356,343,13.481062255115368,1584,4594,1584,0.8207253886010363,C:\Users\99349\Desktop\serverless_sim_game_revision\runs\tscv1_g2_init_d66_d70_3ae7792_20260903\online\canonical\TSCv1.E1.homogeneous.n20.low.sche_OCS.FD69.cf62befd\run_config.json,0.33937893491802795,,0.5067479320853286,15.550065302568568,0.0,,,,86.88699494949495,455.0,678.0,low,,,,,,sche_OCS,,0.2966666366591111,0.5281439803281323,baseline,,,,,27.45464431856512,,True,0.05371746602094053,15.244041450777202,60,,TSCv1.E1.homogeneous.n20.low.sche_OCS.FD69.cf62befd,0.45145842403134523,D69,,G2_D66_D70,1.584,homogeneous,,,,27.79088314106331,0.7795136205686529,1.2809341656267998,0.11569144968416295,0.2808731076370767
922,2477,,,,0.23828125,915,24.415104166666666,1808,3840,1808,0.9485834207764953,C:\Users\99349\Desktop\serverless_sim_game_revision\runs\tscv1_g2_init_d66_d70_3ae7792_20260903\online\canonical\TSCv1.E1.homogeneous.n20.low.sche_OCS.FD70.c69c8669\run_config.json,0.27659340242368985,,0.2799479166666667,57.48229166666667,0.0,,,,170.42477876106196,624.0,676.0,low,,,,,,sche_OCS,,0.2611112144754776,0.49174281197561165,baseline,,,,,32.404543437349446,,True,0.03835516634207799,4.386673662119622,23,,TSCv1.E1.homogeneous.n20.low.sche_OCS.FD70.c69c8669,0.6046875,D70,,G2_D66_D70,1.808,homogeneous,,,,33.29224211947303,0.6821966292896805,1.7263013796552227,0.10987213274127877,0.2662785626920809
922,2688,,,,0.1746253746253746,874,7.607592407592407,1414,5005,1414,0.7481481481481481,C:\Users\99349\Desktop\serverless_sim_game_revision\runs\tscv1_g2_init_d66_d70_3ae7792_20260903\online\canonical\TSCv1.E1.homogeneous.n20.low.sche_orion.FD66.bfef3141\run_config.json,0.4175493599164604,,0.3876123876123876,20.143856143856144,0.0,,,,82.18741159830269,381.0,705.0,low,,,,,,sche_orion,,0.35548164434112917,0.5791599794565713,baseline,,,,,33.67790396866344,,True,0.04120370642288722,16.603174603174605,71,,TSCv1.E1.homogeneous.n20.low.sche_orion.FD66.bfef3141,0.43776223776223777,D66,,G2_D66_D70,1.414,homogeneous,,,,33.988164760527155,0.9112837761245568,1.3529425256752543,0.20670980154231766,0.33810702995729763
917,3020,,,,0.4799697656840514,1270,36.39569160997733,923,2646,923,0.48047891723060904,C:\Users\99349\Desktop\serverless_sim_game_revision\runs\tscv1_g2_init_d66_d70_3ae7792_20260903\online\canonical\TSCv1.E1.homogeneous.n20.low.sche_orion.FD67.5afda46c\run_config.json,0.612758516619549,,0.21882086167800455,75.90136054421768,0.0,,,,238.71072589382447,817.0,856.0,low,,,,,,sche_orion,,0.3634569359640254,0.5541001182838323,baseline,,,,,33.985381295981,,True,0.006310160583043364,13.482561166059345,65,,TSCv1.E1.homogeneous.n20.low.sche_orion.FD67.5afda46c,0.5721844293272865,D67,,G2_D66_D70,0.923,homogeneous,,,,34.08477554005503,0.9607904626741166,1.245157502127799,0.16282683285755037,0.34779982319138697
913,2416,,,,0.1593597773138483,687,15.21943864532591,1883,4311,1883,0.9741334712881531,C:\Users\99349\Desktop\serverless_sim_game_revision\runs\tscv1_g2_init_d66_d70_3ae7792_20260903\online\canonical\TSCv1.E1.homogeneous.n20.low.sche_orion.FD68.c81c0053\run_config.json,0.34216717007434944,,0.41150545117142195,10.578288100208768,0.0,,,,55.35634625597451,255.0,293.0,low,,,,,,sche_orion,,0.3487247337820224,0.6331913519232317,baseline,,,,,34.54530368103886,,True,0.09941331706585076,29.26849456802897,118,,TSCv1.E1.homogeneous.n20.low.sche_orion.FD68.c81c0053,0.5497564370215727,D68,,G2_D66_D70,1.883,homogeneous,,,,34.642181510956874,0.9745416404858281,1.2215691649706553,0.1524300857767808,0.30258001898421555
962,2416,,,,0.1205525324403516,576,17.961699455839263,1627,4778,1627,0.8430051813471503,C:\Users\99349\Desktop\serverless_sim_game_revision\runs\tscv1_g2_init_d66_d70_3ae7792_20260903\online\canonical\TSCv1.E1.homogeneous.n20.low.sche_orion.FD69.53ab6d0f\run_config.json,0.3445261255978219,,0.4796986186688991,21.754081205525324,0.0,,,,119.2421634910879,386.0,572.0,low,,,,,,sche_orion,,0.32637809541310187,0.5501917299271563,baseline,,,,,27.416923975905046,,True,0.039603680255813505,13.995336787564767,52,,TSCv1.E1.homogeneous.n20.low.sche_orion.FD69.53ab6d0f,0.4353285893679364,D69,,G2_D66_D70,1.627,homogeneous,,,,27.451885830487637,0.877001831250956,1.0937293448935677,0.1153450273925636,0.2971107495936337
921,2473,,,,0.3936386768447837,1547,39.355470737913485,1836,3930,1836,0.9632738719832109,C:\Users\99349\Desktop\serverless_sim_game_revision\runs\tscv1_g2_init_d66_d70_3ae7792_20260903\online\canonical\TSCv1.E1.homogeneous.n20.low.sche_orion.FD70.a0bd8853\run_config.json,0.2635070867268348,,0.2776081424936387,36.738422391857505,0.0,,,,157.43409586056646,435.0,462.0,low,,,,,,sche_orion,,0.2620887998904229,0.47545362636447663,baseline,,,,,33.524679951372775,,True,0.04425696039865023,4.169464847848898,22,,TSCv1.E1.homogeneous.n20.low.sche_orion.FD70.a0bd8853,0.6104325699745548,D70,,G2_D66_D70,1.836,homogeneous,,,,33.28755305761082,0.9506251371393694,1.0019353766987018,0.0617529357502179,0.35018984237109607
973,9805,0.8177460479347272,28.957164711881692,0.09718955240266047,0.44724104549854793,1848,52.15851887705711,1079,4132,1079,0.4293672900915241,C:\Users\99349\Desktop\serverless_sim_game_revision\runs\tscv1_g2_init_d66_d70_3ae7792_20260903\online\canonical\TSCv1.E1.homogeneous.n20.middle.sche_nash.FD66.19fe691b\run_config.json,0.5126572433061574,0.006571290057251294,0.2357212003872217,74.16287512100678,,0.0,2.6485097636176773,1.0,488.3030583873957,715.0,736.0,middle,6.630010277492292,0.0010384403871767677,1.3331345565606636,1.4378356026180663,0.9870474247832738,sche_nash,27,0.29740977276748526,0.5436652585341414,ready_finish_init,0.0,0.5868448098663926,0.0010277492291880781,1.5868448098663925,35.894226108455705,0.8975736416158233,True,0.004310274234967459,357.4731396736968,2055,0.022610483042137718,TSCv1.E1.homogeneous.n20.middle.sche_nash.FD66.19fe691b,1.0026621490803485,D66,0.22519122896481386,G2_D66_D70,1.079,homogeneous,0.2534642911527334,0.9132075471698113,0.1515523788251061,37.86960347285993,0.45967013127132983,2.3097341131701996,0.5132598924341317,0.3879466807793623
972,7770,0.6667953667953668,28.493178893178893,0.16348808221207353,0.3795792528110265,2093,48.996735582154514,1425,5514,1425,0.5670513330680461,C:\Users\99349\Desktop\serverless_sim_game_revision\runs\tscv1_g2_init_d66_d70_3ae7792_20260903\online\canonical\TSCv1.E1.homogeneous.n20.middle.sche_nash.FD66.82aa9dec\run_config.json,0.3847791169819079,0.006422260478306729,0.20801595937613349,43.55368153790352,,0.00102880658436214,2.653292181069959,0.9989711934156379,362.6645614035088,589.0,620.0,middle,5.079218106995885,0.0010162242802545774,1.1553795445179436,1.2702142403852985,0.9836550836550837,sche_nash,28,0.3190796411693989,0.5381719502091986,ready_warm_init,0.0,0.5493827160493827,0.0,1.5493827160493827,36.73901270715427,0.8287381326178019,True,0.010211704785629917,645.4862713887784,2180,0.026748971193415638,TSCv1.E1.homogeneous.n20.middle.sche_nash.FD66.82aa9dec,1.0019949220166848,D66,0.33564993564993567,G2_D66_D70,1.425,homogeneous,0.29993693125506804,0.8900900900900901,0.2536148062463852,37.64236498554087,0.6240202158272381,1.6501141845873117,0.3514989978332491,0.47424127784398223
973,7776,0.022376543209876542,17.85866769547325,0.16524263937253822,0.3845594913714805,2117,49.15495004541326,1423,5505,1423,0.5662554715479506,C:\Users\99349\Desktop\serverless_sim_game_revision\runs\tscv1_g2_init_d66_d70_3ae7792_20260903\online\canonical\TSCv1.E1.homogeneous.n20.middle.sche_nash.FD66.96e0f32c\run_config.json,0.3875712691606641,0.006675938520280629,0.21053587647593097,43.3669391462307,,0.0,1.6330935251798562,1.0,362.48067463106116,585.0,610.0,middle,5.117163412127441,0.0008726547790698784,1.1656170499008274,1.2757482057621266,0.9836676954732511,sche_nash,27,0.3197361881441532,0.5413527558866655,ready_order,0.0,0.5005138746145941,0.0010277492291880781,1.500513874614594,36.69851682068389,0.8267390406173136,True,0.010129044228978328,644.932749701552,2179,0.0,TSCv1.E1.homogeneous.n20.middle.sche_nash.FD66.96e0f32c,1.001998183469573,D66,0.336548353909465,G2_D66_D70,1.423,homogeneous,0.2997748761819,0.8903034979423868,0.25480283114256824,37.64541850757207,0.6159543127938721,1.6787386644217703,0.3555163630988131,0.47139936516544334
948,5804,0.20003445899379738,9.494658855961406,0.43221749667351683,0.17159763313609466,29,13.775147928994082,40,169,40,0.01639344262295082,C:\Users\99349\Desktop\serverless_sim_game_revision\runs\tscv1_g2_init_d66_d70_3ae7792_20260903\online\canonical\TSCv1.E1.homogeneous.n20.middle.sche_nash.FD67.745adabd\run_config.json,16.833517456054686,0.16029036358039928,0.0,3.1420118343195265,,0.0,1.6867088607594938,1.0,65.725,222.0,300.0,middle,3.021097046413502,0.00011654118708296167,0.9843603783844874,1.343134185975786,0.9841488628532047,sche_nash,52,0.20102470864560684,0.6665695013495322,ready_warm_init,0.0,0.18565400843881857,0.0,1.1856540084388185,22.096180554836227,0.5471811658727823,True,3.6153847589180236e-05,428.8717213114754,1796,0.03375527426160337,TSCv1.E1.homogeneous.n20.middle.sche_nash.FD67.745adabd,1.0414201183431953,D67,0.12198483804272915,G2_D66_D70,0.04,homogeneous,0.698837691988377,0.8981736733287388,0.022443890274314215,34.17437857812557,0.4311872811518925,2.1928175420780827,10.688048097168105,0.3714799453099377
960,6078,0.011516946363935505,6.803389272787101,0.4026560445011824,0.12598425196850394,32,11.299212598425196,71,254,71,0.029098360655737704,C:\Users\99349\Desktop\serverless_sim_game_revision\runs\tscv1_g2_init_d66_d70_3ae7792_20260903\online\canonical\TSCv1.E1.homogeneous.n20.middle.sche_nash.FD67.c0a35903\run_config.json,8.963803573393486,0.12081265192651737,0.031496062992125984,2.625984251968504,,0.0,1.2739583333333333,1.0,45.91549295774648,235.0,324.0,middle,3.1625,0.00018282179097536965,0.986127304592957,1.3875628664731665,0.9848634419216847,sche_nash,40,0.23574837015122496,0.6286974031523148,ready_order,0.0,0.22604166666666667,0.0,1.2260416666666667,24.57525866052829,0.5790583982511462,True,0.00017250701733299,388.39016393442625,1520,0.0020833333333333333,TSCv1.E1.homogeneous.n20.middle.sche_nash.FD67.c0a35903,1.0275590551181102,D67,0.11434682461335965,G2_D66_D70,0.071,homogeneous,0.689025326170376,0.9017769002961501,0.017879948914431672,34.71284586836453,0.4854231146233191,2.06869538780026,8.950726943754896,0.39641243101205825
954,5967,0.15300821183174124,10.884866767219709,0.4119142964810073,0.175,35,14.33,48,200,48,0.019672131147540985,C:\Users\99349\Desktop\serverless_sim_game_revision\runs\tscv1_g2_init_d66_d70_3ae7792_20260903\online\canonical\TSCv1.E1.homogeneous.n20.middle.sche_nash.FD67.cdf4504f\run_config.json,13.851879119873047,0.1286969772474948,0.0,4.31,,0.0,1.6257861635220126,1.0,66.22916666666667,257.0,301.0,middle,3.1331236897274635,0.0001103080910699896,1.002727835089373,1.3447667646342154,0.9845818669348081,sche_nash,46,0.22570138784079233,0.6573997773735493,ready_finish_init,0.0,0.18867924528301888,0.0,1.1886792452830188,24.74774318295187,0.57113382399478,True,5.232186957260485e-05,405.1032786885246,1606,0.015723270440251572,TSCv1.E1.homogeneous.n20.middle.sche_nash.FD67.cdf4504f,1.035,D67,0.12066365007541478,G2_D66_D70,0.048,homogeneous,0.6929607903673973,0.9019607843137255,0.02508361204013378,34.515057073599216,0.46031109149289495,2.1141254751251153,8.496862048401873,0.38336265657502283
983,14499,0.03048486102489827,35.204634802400165,0.03016311353901394,0.20435967302452315,75,20.26975476839237,125,367,125,0.04930966469428008,C:\Users\99349\Desktop\serverless_sim_game_revision\runs\tscv1_g2_init_d66_d70_3ae7792_20260903\online\canonical\TSCv1.E1.homogeneous.n20.middle.sche_nash.FD68.048b9cc1\run_config.json,6.63461474609375,0.4243011314644654,0.0,89.25613079019074,,0.0,2.010172939979654,1.0,317.832,461.0,468.0,middle,12.558494404883012,0.0012350865700510706,2.266580915540874,0.9096459818672366,0.9929650320711774,sche_nash,17,0.6334825250988815,0.809516766565922,ready_order,0.0,0.7721261444557477,0.0,1.7721261444557477,43.04346303172223,0.9711373097009104,True,5.9278428614425985e-05,4957.123471400395,22561,0.0,TSCv1.E1.homogeneous.n20.middle.sche_nash.FD68.048b9cc1,1.021798365122616,D68,0.17214980343471964,G2_D66_D70,0.125,homogeneous,0.6142344020220832,0.9606179736533554,0.1382107983917289,45.84383076905826,0.3106819198755439,3.1485047843408744,0.3508505149815731,0.3883026150376462
982,14339,0.7970569774740219,50.23035079154753,0.0320715229590742,0.20435967302452315,75,20.26975476839237,125,367,125,0.04930966469428008,C:\Users\99349\Desktop\serverless_sim_game_revision\runs\tscv1_g2_init_d66_d70_3ae7792_20260903\online\canonical\TSCv1.E1.homogeneous.n20.middle.sche_nash.FD68.2925f777\run_config.json,6.6251416015625,0.42036246398736765,0.0,89.30790190735695,,0.0,2.9460285132382893,1.0,317.984,461.0,468.0,middle,12.319755600814664,0.001354311414102738,2.2231683889485128,0.9328140673136742,0.9928865332310481,sche_nash,18,0.6320077946491632,0.8083854712596602,ready_finish_init,0.0,0.8238289205702648,0.003054989816700611,1.8238289205702647,43.095716718600144,0.9688384449958336,True,5.933481325250468e-05,4985.918737672584,22721,0.0,TSCv1.E1.homogeneous.n20.middle.sche_nash.FD68.2925f777,1.021798365122616,D68,0.18236976079224493,G2_D66_D70,0.125,homogeneous,0.6168603874415498,0.9601785340679266,0.1484601975595584,45.801281933904534,0.31982119542660425,3.0719392296534482,0.34868559043595293,0.39523478519618077
983,14379,0.8084011405521941,50.20516030321998,0.031162651048723063,0.20435967302452315,75,20.26975476839237,125,367,125,0.04930966469428008,C:\Users\99349\Desktop\serverless_sim_game_revision\runs\tscv1_g2_init_d66_d70_3ae7792_20260903\online\canonical\TSCv1.E1.homogeneous.n20.middle.sche_nash.FD68.c98dad14\run_config.json,6.627337890625,0.4226980926219605,0.0,89.31607629427793,,0.0,2.9572736520854526,1.0,318.008,461.0,468.0,middle,12.429298067141405,0.0013529547368975679,2.236619303258016,0.9335596094033476,0.9929063217191738,sche_nash,17,0.6322787986501841,0.8086470566518039,ready_warm_init,0.0,0.8290946083418108,0.001017293997965412,1.8290946083418107,43.093655943066366,0.969616932902617,True,5.931067328885754e-05,4973.570414201184,22681,0.001017293997965412,TSCv1.E1.homogeneous.n20.middle.sche_nash.FD68.c98dad14,1.021798365122616,D68,0.17991515404409208,G2_D66_D70,0.125,homogeneous,0.6162017883357801,0.961262952917449,0.14686731297930836,45.81361815149939,0.31573066144344314,3.092630316757826,0.33634165885545264,0.3932755268061971
963,6378,0.06099090624020069,17.608184383819378,0.3056182661574181,0.4186991869918699,309,42.5609756097561,256,738,256,0.1021140805743917,C:\Users\99349\Desktop\serverless_sim_game_revision\runs\tscv1_g2_init_d66_d70_3ae7792_20260903\online\canonical\TSCv1.E1.homogeneous.n20.middle.sche_nash.FD69.063bc1b2\run_config.json,1.8325679302215576,0.12174001392032925,0.1897018970189702,16.334688346883468,,0.0,1.7300103842159917,1.0,136.94140625,550.0,640.0,middle,3.8006230529595015,0.0011125204333950053,0.9466150218573294,1.4693739215205852,0.9026340545625587,sche_nash,37,0.24723457125429948,0.4612515157675547,ready_order,0.0,0.5638629283489096,0.0,1.5638629283489096,45.0563006336766,0.6900273663388707,True,0.001020105525129029,2055.6884722776226,9947,0.13395638629283488,TSCv1.E1.homogeneous.n20.middle.sche_nash.FD69.063bc1b2,1.024390243902439,D69,0.4793038570084666,G2_D66_D70,0.256,homogeneous,0.3088426527958388,0.8447789275634995,0.383630289532294,45.289929573272005,1.0480002527159933,1.3753984077629455,0.5625821113114018,0.6563505939496801
964,6551,0.7966722637765227,25.896199053579608,0.30589842893623376,0.383054892601432,321,40.07398568019093,253,838,253,0.10091743119266056,C:\Users\99349\Desktop\serverless_sim_game_revision\runs\tscv1_g2_init_d66_d70_3ae7792_20260903\online\canonical\TSCv1.E1.homogeneous.n20.middle.sche_nash.FD69.9ca31f7c\run_config.json,1.9011837201627346,0.10709017884265802,0.1431980906921241,21.725536992840095,,0.001037344398340249,2.5632780082987554,0.9989626556016598,158.49407114624506,540.0,645.0,middle,3.858921161825726,0.0014456282174400818,0.9984331447410765,1.4551843487430285,0.9052053121660815,sche_nash,36,0.27540318294782945,0.472255835913993,ready_warm_init,0.0,0.5674273858921162,0.001037344398340249,1.5674273858921162,44.83521875827809,0.6903770725211376,True,0.0008396212340623459,2042.2205823693657,9774,0.13692946058091288,TSCv1.E1.homogeneous.n20.middle.sche_nash.FD69.9ca31f7c,1.0214797136038185,D69,0.4718363608609373,G2_D66_D70,0.253,homogeneous,0.30315923837889586,0.848878033887956,0.3778097464484805,45.224509985569576,0.9950622290968804,1.4418200874961873,0.5880711087836581,0.6455373258522277
966,6678,0.7684935609463911,25.154387541179993,0.29665371900584464,0.3719582850521437,321,39.572421784472766,250,863,250,0.0997207818109294,C:\Users\99349\Desktop\serverless_sim_game_revision\runs\tscv1_g2_init_d66_d70_3ae7792_20260903\online\canonical\TSCv1.E1.homogeneous.n20.middle.sche_nash.FD69.d426ffa4\run_config.json,1.9206090087890626,0.11395767826275476,0.13789107763615296,21.407879490150638,,0.0010351966873706005,2.56935817805383,0.9989648033126294,159.348,487.0,661.0,middle,3.9865424430641823,0.001310748464119045,1.0099511665256382,1.481237097347379,0.9070080862533693,sche_nash,34,0.27406982688319265,0.47145416674696333,ready_finish_init,0.0,0.572463768115942,0.0,1.5724637681159421,44.8377084157966,0.6997156672561266,True,0.0008168727902312555,2027.8125249301954,9647,0.16149068322981366,TSCv1.E1.homogeneous.n20.middle.sche_nash.FD69.d426ffa4,1.018539976825029,D69,0.45986822401916744,G2_D66_D70,0.25,homogeneous,0.2991183879093199,0.8513027852650494,0.3655233069481091,45.22734930044736,0.9857824503857777,1.4543681574478304,0.5643068506814675,0.6432513431513441
970,10592,0.028134441087613295,17.79928247734139,0.24801319157516546,0.38534278959810875,163,47.018912529550825,183,423,183,0.07142857142857142,C:\Users\99349\Desktop\serverless_sim_game_revision\runs\tscv1_g2_init_d66_d70_3ae7792_20260903\online\canonical\TSCv1.E1.homogeneous.n20.middle.sche_nash.FD70.0f299209\run_config.json,3.022331196102288,0.36829332457238095,0.1607565011820331,14.505910165484634,,0.0,1.8865979381443299,1.0,128.9945355191257,434.0,459.0,middle,5.785567010309278,0.0011325198265314301,1.0003510464205803,1.2947371771469083,0.872356495468278,sche_nash,30,0.2889719729529873,0.5438685816758763,ready_order,0.0,0.6762886597938145,0.0,1.6762886597938145,43.32954407980795,0.7509216627322722,True,0.0004693942040768121,3086.3368462138956,15311,0.03814432989690722,TSCv1.E1.homogeneous.n20.middle.sche_nash.FD70.0f299209,1.0354609929078014,D70,0.5200151057401813,G2_D66_D70,0.183,homogeneous,0.2733758660904164,0.7889916918429003,0.39164772047385427,44.10548802985166,0.9211133203083745,1.4376970650093612,0.8988102179477195,0.6394501221380295
964,10390,0.7109720885466795,25.74937439846006,0.24240137498029818,0.27292576419213976,125,32.993449781659386,186,458,186,0.07259953161592506,C:\Users\99349\Desktop\serverless_sim_game_revision\runs\tscv1_g2_init_d66_d70_3ae7792_20260903\online\canonical\TSCv1.E1.homogeneous.n20.middle.sche_nash.FD70.7e78837e\run_config.json,2.882008542296707,0.3682493202851707,0.1222707423580786,8.34061135371179,,0.005186721991701245,2.7686721991701244,0.9948132780082988,91.34408602150538,435.0,457.0,middle,5.673236514522822,0.0009480831131440237,0.9276232410071703,1.2259423869980197,0.8698748796920116,sche_nash,36,0.25293615147751985,0.5279387582766404,ready_warm_init,0.0,0.7053941908713693,0.0,1.7053941908713692,43.39674146558598,0.7558273959650341,True,0.0007065408001599351,3097.0195160031226,15513,0.04564315352697095,TSCv1.E1.homogeneous.n20.middle.sche_nash.FD70.7e78837e,1.0305676855895196,D70,0.5167468719923003,G2_D66_D70,0.186,homogeneous,0.2772173913043478,0.7839268527430221,0.38354818907305094,44.09859436776801,0.9427707244417092,1.3877785099137852,0.896767889654571,0.63992281486715
971,10642,0.7266491261041158,26.298628077429054,0.2485927539092419,0.38663484486873506,162,47.09546539379475,181,419,181,0.070647931303669,C:\Users\99349\Desktop\serverless_sim_game_revision\runs\tscv1_g2_init_d66_d70_3ae7792_20260903\online\canonical\TSCv1.E1.homogeneous.n20.middle.sche_nash.FD70.f12b6800\run_config.json,3.0547336978806974,0.33938012835555675,0.16467780429594273,14.13365155131265,,0.0,2.772399588053553,1.0,128.34806629834253,434.0,459.0,middle,5.817713697219362,0.0011038379992333314,1.0048794743601983,1.2968230643340282,0.872956211238489,sche_nash,29,0.28940569755929824,0.5436752109011375,ready_finish_init,0.0,0.6920700308959835,0.0,1.6920700308959835,43.32537788368889,0.7501535976116224,True,0.0004616532413113856,3084.056986729118,15262,0.037075180226570546,TSCv1.E1.homogeneous.n20.middle.sche_nash.FD70.f12b6800,1.035799522673031,D70,0.5181356887803045,G2_D66_D70,0.181,homogeneous,0.27244137553838793,0.7899830858861117,0.3900321160937314,44.10105742719966,0.9176136455748051,1.4401811439501255,0.8918457527195979,0.6387335946939198
